,playlistID,TrackName,TrackID,SampleURL,ReleaseYear,Genres,danceability,energy,loudness,speechiness,acousticness,instrumentalness,liveness,valence,tempo,key,mode,duration_ms,Popularity
0,3lJqL7my6Z4yiYGpHBecew,Airplane pt.2 - Japanese ver.,56C1UvPHIRtuLKV3qLtEJ6,https://p.scdn.co/mp3-preview/4a5751c790fe401ba6ece70df049f4a039752cff?cid=7dd86e387e2e426aa1ef00886bd1a9ef,2018-11-07,"['k-pop', 'k-pop boy group', 'pop']",0.77,0.803,-4.189,0.0301,0.0539,0,0.0812,0.903,140.02,0,0,220920,37.0
1,3lJqL7my6Z4yiYGpHBecew,Anpanman,01gUlvzAPiwB9Ekq9kGVCM,https://p.scdn.co/mp3-preview/2bb33fa21dc85b52395552787016640db736c03e?cid=7dd86e387e2e426aa1ef00886bd1a9ef,2018-08-24,"['k-pop', 'k-pop boy group', 'pop']",0.813,0.875,-2.92,0.0918,0.0237,0,0.288,0.756,99.004,1,0,232966,0.0
2,3lJqL7my6Z4yiYGpHBecew,Blood Sweat & Tears,5RGf8qn1TBWVplLyyKUsuV,https://p.scdn.co/mp3-preview/585efc683a5dec9b84540a1322f06a31a0b4777d?cid=7dd86e387e2e426aa1ef00886bd1a9ef,2016-10-10,"['k-pop', 'k-pop boy group', 'pop']",0.583,0.885,-3.571,0.106,0.0244,0,0.357,0.601,92.959,0,0,217052,0.0
3,3lJqL7my6Z4yiYGpHBecew,DNA,6Z7m5DLNPOaPg9T6nXK0rQ,https://p.scdn.co/mp3-preview/5031e0d1f4e1dedd05ade1b24a3beec07d7c75ce?cid=7dd86e387e2e426aa1ef00886bd1a9ef,2018-08-24,"['k-pop', 'k-pop boy group', 'pop']",0.599,0.774,-4.014,0.0541,0.0223,0,0.0669,0.696,129.819,1,0,223123,0.0
4,3lJqL7my6Z4yiYGpHBecew,Euphoria,3p6hnejEQYXkiTO1lAzVc0,https://p.scdn.co/mp3-preview/af20f36301df394eeca1794397a853c2d38bd5f3?cid=7dd86e387e2e426aa1ef00886bd1a9ef,2018-08-24,"['k-pop', 'k-pop boy group', 'pop']",0.637,0.799,-4.519,0.0338,0.394,0,0.0921,0.562,104.995,2,1,228615,1.0
5,3lJqL7my6Z4yiYGpHBecew,FAKE LOVE,5Sn2fm8aisVlR7S6u1KW57,https://p.scdn.co/mp3-preview/24ec465728ed83e2113589cd0fdab7f0de11bf7a?cid=7dd86e387e2e426aa1ef00886bd1a9ef,2018-08-24,"['k-pop', 'k-pop boy group', 'pop']",0.557,0.719,-4.515,0.0372,0.00267,0,0.306,0.344,77.501,2,0,242334,0.0
6,3lJqL7my6Z4yiYGpHBecew,Go Go,5nq1uTNIR1cBR72T87viS0,https://p.scdn.co/mp3-preview/09974dfc0d4a4efe0c470700d7e9d6b310dbe80d?cid=7dd86e387e2e426aa1ef00886bd1a9ef,2017-09-18,"['k-pop', 'k-pop boy group', 'pop']",0.856,0.617,-5.308,0.0841,0.171,0,0.0857,0.759,136.082,10,0,235780,0.0
7,3lJqL7my6Z4yiYGpHBecew,Her,3HhVmd5y8BI1s2R4z9rQKW,https://p.scdn.co/mp3-preview/305aea2c5e9021af458ca6938951554db8d22871?cid=7dd86e387e2e426aa1ef00886bd1a9ef,2018-08-24,"['k-pop', 'k-pop boy group', 'pop']",0.481,0.927,-5.704,0.27,0.317,0,0.0583,0.448,88.931,3,1,228613,0.0
8,3lJqL7my6Z4yiYGpHBecew,HOME,7lthOBXNue2IvedLRfkod8,https://p.scdn.co/mp3-preview/106a971f065abda004ea8f58b5e9d55e6dbd1170?cid=7dd86e387e2e426aa1ef00886bd1a9ef,2019-04-12,"['k-pop', 'k-pop boy group', 'pop']",0.633,0.799,-4.625,0.0429,0.0142,0,0.194,0.535,142.991,7,0,234178,0.0
9,3lJqL7my6Z4yiYGpHBecew,IDOL,2AIWoHr9DF6y4KALCBKWQS,https://p.scdn.co/mp3-preview/93b4dfb9190f85c0ee0cd927794f5d0b7911017d?cid=7dd86e387e2e426aa1ef00886bd1a9ef,2018-08-24,"['k-pop', 'k-pop boy group', 'pop']",0.734,0.855,-3.211,0.118,0.00481,0,0.123,0.422,126.035,9,1,222732,0.0
10,3lJqL7my6Z4yiYGpHBecew,Just One Day,4ZSLc2F15wKVPjyLt169tt,https://p.scdn.co/mp3-preview/b85cf0429d7c933b36ef5a755ef78582f6595cf2?cid=7dd86e387e2e426aa1ef00886bd1a9ef,2014-02-12,"['k-pop', 'k-pop boy group', 'pop']",0.504,0.712,-4.705,0.379,0.175,0,0.377,0.307,189.577,9,1,239470,0.0
11,3lJqL7my6Z4yiYGpHBecew,Mikrokosmos,5hnbE5BF2e8BCk9OMR1UVC,https://p.scdn.co/mp3-preview/0db175501cc9bf42fc762bc240a9f1142c8b001a?cid=7dd86e387e2e426aa1ef00886bd1a9ef,2019-04-12,"['k-pop', 'k-pop boy group', 'pop']",0.58,0.858,-5.212,0.114,0.125,0,0.0502,0.475,174.039,8,1,224225,0.0
12,3lJqL7my6Z4yiYGpHBecew,Trivia 承 : Love,6aHCXTCkPiB4zgXKpB7BHS,https://p.scdn.co/mp3-preview/97853c9a1a1606143eeea0c89c75ef65d47e0702?cid=7dd86e387e2e426aa1ef00886bd1a9ef,2018-08-24,"['k-pop', 'k-pop boy group', 'pop']",0.761,0.761,-5.721,0.0897,0.246,0,0.103,0.483,121.972,5,0,225698,0.0
13,3lJqL7my6Z4yiYGpHBecew,좋아요 Like,6VLIngaUede3N5lt37NL8b,https://p.scdn.co/mp3-preview/de0f9c63c9d4964dd2f9e35eb999306203046223?cid=7dd86e387e2e426aa1ef00886bd1a9ef,2013-06-12,"['k-pop', 'k-pop boy group', 'pop']",0.739,0.711,-4.142,0.0644,0.308,0,0.196,0.778,100.953,0,0,231967,0.0
14,3lJqL7my6Z4yiYGpHBecew,Daydream (백일몽),4YAgH8s0JFfwikTNwe0aIk,https://p.scdn.co/mp3-preview/b7a5b9c645dbc2b331ecc03b1913fd4c65aca3cd?cid=7dd86e387e2e426aa1ef00886bd1a9ef,2018-03-02,"['k-pop', 'k-rap']",0.748,0.961,-6.518,0.0875,0.00512,0,0.175,0.856,116.037,8,0,228759,0.0
15,3lJqL7my6Z4yiYGpHBecew,We Are Bulletproof Pt.2,2Kspa0jD2MSkaEdonf4Cnb,https://p.scdn.co/mp3-preview/c369948962e1a60d01c284e0f01433fdc423f49f?cid=7dd86e387e2e426aa1ef00886bd1a9ef,2013-06-12,"['k-pop', 'k-pop boy group', 'pop']",0.754,0.952,-5.11,0.153,0.00945,6.27e-06,0.189,0.868,144.051,8,0,225360,0.0
16,3lJqL7my6Z4yiYGpHBecew,No More Dream,4frlkLwlnm58ejpNwWjxyl,https://p.scdn.co/mp3-preview/57660681261bd9933f251ad44c57cded1a76a5aa?cid=7dd86e387e2e426aa1ef00886bd1a9ef,2013-06-12,"['k-pop', 'k-pop boy group', 'pop']",0.436,0.869,-5.174,0.472,0.0124,1.6e-06,0.494,0.612,167.766,2,1,221593,0.0
17,3lJqL7my6Z4yiYGpHBecew,Trivia 起 : Just Dance,0usLRFLmYXYahKNgXxsuJc,https://p.scdn.co/mp3-preview/f59ab5f5508388dccd14a33d6cc90590cec66cec?cid=7dd86e387e2e426aa1ef00886bd1a9ef,2018-08-24,"['k-pop', 'k-pop boy group', 'pop']",0.723,0.906,-4.778,0.279,0.0907,0,0.0771,0.398,125.019,1,0,225221,0.0
18,3lJqL7my6Z4yiYGpHBecew,Serendipity (Full Length Edition),5cQB9fbuQCz4muQUFkv3rR,https://p.scdn.co/mp3-preview/4a33fe455e5f2441ce08f7e5641af61f364aa1c6?cid=7dd86e387e2e426aa1ef00886bd1a9ef,2018-08-24,"['k-pop', 'k-pop boy group', 'pop']",0.347,0.578,-7.525,0.0626,0.445,0,0.231,0.226,86.73,8,1,276708,0.0
19,3lJqL7my6Z4yiYGpHBecew,Dimple,0DrxFkuc1mpxdbUbssLQ4d,https://p.scdn.co/mp3-preview/e8b344f7b8d49ba1f86a9baae120a4522a56fbe7?cid=7dd86e387e2e426aa1ef00886bd1a9ef,2018-08-24,"['k-pop', 'k-pop boy group', 'pop']",0.612,0.844,-4.694,0.0756,0.142,0,0.287,0.653,134.868,5,0,196776,0.0
20,3lJqL7my6Z4yiYGpHBecew,Trivia 轉 : Seesaw,1ZPpGPko8oULTmi34rozMh,https://p.scdn.co/mp3-preview/9e0b708a4498bd2e869fe7de9255f4a1ebe6471a?cid=7dd86e387e2e426aa1ef00886bd1a9ef,2018-08-24,"['k-pop', 'k-pop boy group', 'pop']",0.707,0.791,-4.481,0.035,0.181,0,0.102,0.678,106.985,5,0,246334,0.0
21,3lJqL7my6Z4yiYGpHBecew,134340,38td8VabuKlQt72Q2VnhbO,https://p.scdn.co/mp3-preview/00c882edd9565453374ffd7c72b14c49cdba04fd?cid=7dd86e387e2e426aa1ef00886bd1a9ef,2018-05-18,"['k-pop', 'k-pop boy group', 'pop']",0.664,0.688,-6.466,0.0543,0.153,9.14e-05,0.173,0.65,106.022,11,0,230063,0.0
22,3lJqL7my6Z4yiYGpHBecew,Stigma,626lrZfNIlthgrUfjvRYrh,https://p.scdn.co/mp3-preview/e5963e78a53341fa5286423559cd38ccc11cc406?cid=7dd86e387e2e426aa1ef00886bd1a9ef,2016-10-10,"['k-pop', 'k-pop boy group', 'pop']",0.583,0.475,-5.556,0.0846,0.148,0,0.139,0.332,136.034,0,0,216063,0.0
23,3lJqL7my6Z4yiYGpHBecew,Silver Spoon,2VgPA0WnwvE2nbltxa3BHz,https://p.scdn.co/mp3-preview/81cb5972e5088c54da23604c7644d6bb519466b7?cid=7dd86e387e2e426aa1ef00886bd1a9ef,2016-05-02,"['k-pop', 'k-pop boy group', 'pop']",0.649,0.875,-2.88,0.0696,0.00128,0,0.0486,0.557,166.927,9,1,233185,0.0
24,3lJqL7my6Z4yiYGpHBecew,Answer : Love Myself,4eVkn18rN4GguUWOsR6Use,https://p.scdn.co/mp3-preview/036f1dc801825b3b6cc281b1c0cc3711e7c4efce?cid=7dd86e387e2e426aa1ef00886bd1a9ef,2018-08-24,"['k-pop', 'k-pop boy group', 'pop']",0.569,0.793,-3.749,0.0405,0.189,0,0.111,0.45,108.048,1,1,251280,0.0
25,3lJqL7my6Z4yiYGpHBecew,I'm Fine,0EQMrxdeiBhry9JCxskko3,https://p.scdn.co/mp3-preview/f926a1386a23224406a319ffe860cfa1fbc2f256?cid=7dd86e387e2e426aa1ef00886bd1a9ef,2018-08-24,"['k-pop', 'k-pop boy group', 'pop']",0.51,0.842,-2.782,0.103,0.00852,0,0.346,0.302,87.605,11,0,240339,0.0
26,3lJqL7my6Z4yiYGpHBecew,Lie,2cn8rNlgnQOJoqWqXRvWQu,https://p.scdn.co/mp3-preview/5462e379810dbe6cf9031125a7997e2ea1a4a692?cid=7dd86e387e2e426aa1ef00886bd1a9ef,2016-10-10,"['k-pop', 'k-pop boy group', 'pop']",0.542,0.777,-5.582,0.033,0.00331,0,0.178,0.503,94.069,6,0,215753,0.0
27,3lJqL7my6Z4yiYGpHBecew,Lost,44F7Ieb36A6B2mXgrJLdR9,https://p.scdn.co/mp3-preview/4065c1de925dee05fc51fa4d9a1fd83b64c7e858?cid=7dd86e387e2e426aa1ef00886bd1a9ef,2016-10-10,"['k-pop', 'k-pop boy group', 'pop']",0.547,0.84,-4.156,0.0551,0.000371,0,0.0562,0.479,85.001,9,0,241787,0.0
28,3lJqL7my6Z4yiYGpHBecew,Am I Wrong,1ORnZ5RmTKhVxPrjORKxAE,https://p.scdn.co/mp3-preview/b8ea2c2c216aad86e49f0a2b83a57e29fabe6719?cid=7dd86e387e2e426aa1ef00886bd1a9ef,2016-10-10,"['k-pop', 'k-pop boy group', 'pop']",0.761,0.834,-4.992,0.0494,0.00125,1e-05,0.0868,0.68,107.988,6,1,213082,0.0
29,3lJqL7my6Z4yiYGpHBecew,Pied Piper,0ffweDHrg4bZqdG4IfGYuo,https://p.scdn.co/mp3-preview/6d820f1430155da5ebdd9925d9616d8e0300274e?cid=7dd86e387e2e426aa1ef00886bd1a9ef,2017-09-18,"['k-pop', 'k-pop boy group', 'pop']",0.583,0.712,-4.942,0.0326,0.2,0,0.268,0.776,94.051,2,0,245621,1.0
30,3lJqL7my6Z4yiYGpHBecew,Airplane,6gALSAMuXm5du6TuKGj6o7,https://p.scdn.co/mp3-preview/463678330324412fc48070a5386aa52af3419444?cid=7dd86e387e2e426aa1ef00886bd1a9ef,2018-03-02,"['k-pop', 'k-rap']",0.801,0.65,-7.855,0.0576,0.649,0,0.109,0.237,119.993,0,1,197914,0.0
31,3lJqL7my6Z4yiYGpHBecew,21st Century Girl,6RioKpKPuG1vuyU0wnlAZx,https://p.scdn.co/mp3-preview/5f7247f22c90294707ee9b98615532c10307ee30?cid=7dd86e387e2e426aa1ef00886bd1a9ef,2016-10-10,"['k-pop', 'k-pop boy group', 'pop']",0.716,0.906,-3.539,0.0717,0.00423,0,0.0547,0.762,101.028,2,1,192597,0.0
32,3lJqL7my6Z4yiYGpHBecew,Outro: Do You Think It Makes Sense?,5viiEUG6TwSmDPXX1hHo0X,https://p.scdn.co/mp3-preview/4d0693376771b3f2fffa8590c90edaf72af4a391?cid=7dd86e387e2e426aa1ef00886bd1a9ef,2014-08-20,"['k-pop', 'k-pop boy group', 'pop']",0.634,0.814,-4.325,0.0406,0.0698,0,0.146,0.537,103.041,1,1,172658,0.0
33,3lJqL7my6Z4yiYGpHBecew,Not Today,4hrpoqJMVE7FxBu1YWx0eQ,https://p.scdn.co/mp3-preview/075464cbcedce913fcb3b9e57905bc2020d66e40?cid=7dd86e387e2e426aa1ef00886bd1a9ef,2017-02-13,"['k-pop', 'k-pop boy group', 'pop']",0.594,0.946,-3.408,0.126,0.00181,1.04e-06,0.923,0.665,110.024,8,1,231860,0.0
34,3lJqL7my6Z4yiYGpHBecew,MIC Drop (Steve Aoki Remix) [Full Length Edition],75scDPqGs75FotglJSoOI2,https://p.scdn.co/mp3-preview/420a4783eef9251c66f5fe285089e48fdd5bcbe8?cid=7dd86e387e2e426aa1ef00886bd1a9ef,2018-08-24,"['k-pop', 'k-pop boy group', 'pop']",0.606,0.848,-3.952,0.184,0.0114,1.06e-06,0.206,0.54,170.01,11,1,307676,1.0
35,3lJqL7my6Z4yiYGpHBecew,Spring Day,0WNGsQ1oAuHzNTk8jivBKW,https://p.scdn.co/mp3-preview/e2504a289eb9462a6d08e17ae9ce1fade272ab1f?cid=7dd86e387e2e426aa1ef00886bd1a9ef,2017-02-13,"['k-pop', 'k-pop boy group', 'pop']",0.539,0.846,-3.192,0.0354,0.0063,1.68e-06,0.13,0.46,106.992,8,1,274097,0.0
36,3lJqL7my6Z4yiYGpHBecew,Embarrassed,6jJYbRYkvSuFwRtgTEpkb4,https://p.scdn.co/mp3-preview/d2ca5795cb564194fe818565e62b2048dab7576b?cid=7dd86e387e2e426aa1ef00886bd1a9ef,2014-08-20,"['k-pop', 'k-pop boy group', 'pop']",0.551,0.898,-3.019,0.286,0.181,0,0.379,0.552,84.774,2,1,241762,0.0
37,3lJqL7my6Z4yiYGpHBecew,Epiphany,7L8hkKW4hnemNfuOfEZcle,https://p.scdn.co/mp3-preview/d08ffa27e224f3d5d14a5b23bceef60f557475fb?cid=7dd86e387e2e426aa1ef00886bd1a9ef,2018-08-24,"['k-pop', 'k-pop boy group', 'pop']",0.509,0.558,-6.369,0.0276,0.29,0,0.131,0.327,135.879,2,0,240362,0.0
38,3lJqL7my6Z4yiYGpHBecew,Burning Up (Fire),4z9gBZQjGS4QLb4LOvmeuA,https://p.scdn.co/mp3-preview/bb3ec531ee0ff621de05c907f70c9ac3501da5f1?cid=7dd86e387e2e426aa1ef00886bd1a9ef,2016-05-02,"['k-pop', 'k-pop boy group', 'pop']",0.627,0.706,-3.201,0.0597,0.00227,0,0.122,0.536,99.93,10,0,203352,0.0
39,3lJqL7my6Z4yiYGpHBecew,Intro: Singularity,6ePyl2ns4b7MVYhjsj32ZK,https://p.scdn.co/mp3-preview/3bd664aeb4ed931867e52eb2a97b45010bace750?cid=7dd86e387e2e426aa1ef00886bd1a9ef,2018-05-18,"['k-pop', 'k-pop boy group', 'pop']",0.775,0.271,-9.131,0.092,0.554,0.00285,0.112,0.204,104.001,1,0,196998,0.0
40,3lJqL7my6Z4yiYGpHBecew,Begin,6KQSeSPqBa15gMWLO1fdkk,https://p.scdn.co/mp3-preview/b110f572b89ef67b79bc2e887d7739f5dab6ab7b?cid=7dd86e387e2e426aa1ef00886bd1a9ef,2016-10-10,"['k-pop', 'k-pop boy group', 'pop']",0.566,0.844,-5.222,0.0444,0.00361,0.000257,0.141,0.291,131.049,9,0,229740,0.0
41,3lJqL7my6Z4yiYGpHBecew,Dope,6dr6QeqH62tYUiPezRbinq,https://p.scdn.co/mp3-preview/fb34390022517a17484b63434db223acef5c796f?cid=7dd86e387e2e426aa1ef00886bd1a9ef,2015-04-29,"['k-pop', 'k-pop boy group', 'pop']",0.619,0.889,-3.108,0.219,0.0483,0,0.324,0.622,77.058,10,0,240021,0.0
42,3lJqL7my6Z4yiYGpHBecew,The Last,6lRWD0dOKIrFrmb9tmd62M,https://p.scdn.co/mp3-preview/9f6f054ab43f5536ebd23daaa1fc7d2665e21861?cid=7dd86e387e2e426aa1ef00886bd1a9ef,2016-08-16,['k-rap'],0.756,0.837,-2.704,0.203,0.00167,0.0062,0.0848,0.444,119.984,1,1,245757,0.0
43,3lJqL7my6Z4yiYGpHBecew,Save Me,54s6sdPuMjVtdB5d5KFzTC,https://p.scdn.co/mp3-preview/b157c7907fd4fc290319a6a0e26c944bfaaffb3f?cid=7dd86e387e2e426aa1ef00886bd1a9ef,2016-05-02,"['k-pop', 'k-pop boy group', 'pop']",0.614,0.823,-3.48,0.062,0.0269,0,0.0783,0.539,139.948,1,1,196506,0.0
44,3lJqL7my6Z4yiYGpHBecew,Best Of Me,2tdq0CeAGSfhI2l4Gwkvgx,https://p.scdn.co/mp3-preview/815f6c29bfb8d5e4a727b2073cc62233fc26722f?cid=7dd86e387e2e426aa1ef00886bd1a9ef,2017-09-18,"['k-pop', 'k-pop boy group', 'pop']",0.651,0.756,-4.388,0.0762,0.0298,0,0.396,0.473,121.96,8,1,227191,0.0
45,3lJqL7my6Z4yiYGpHBecew,Run,0PAq1DRlOGBAjXLno94j6b,https://p.scdn.co/mp3-preview/13a50a44e29850cab40a26e9099b9562a366199c?cid=7dd86e387e2e426aa1ef00886bd1a9ef,2015-11-30,"['k-pop', 'k-pop boy group', 'pop']",0.554,0.878,-3.02,0.0513,0.00146,0,0.0998,0.55,132.889,11,0,236748,0.0
46,3lJqL7my6Z4yiYGpHBecew,I Need U,3RlcLpMmRvSd84Uw6Yt4Iw,https://p.scdn.co/mp3-preview/d57fb5fa762ade6783c44d2479d3bcd373fef1a8?cid=7dd86e387e2e426aa1ef00886bd1a9ef,2015-04-29,"['k-pop', 'k-pop boy group', 'pop']",0.486,0.88,-3.097,0.0706,0.0215,0,0.24,0.71,158.043,5,0,210987,0.0
47,3lJqL7my6Z4yiYGpHBecew,Outro: Wings,1yEzWCIc2MUt9Fw1p25YUo,https://p.scdn.co/mp3-preview/19af4e8e2ebfc748cc9c598a99b83e217f62d713?cid=7dd86e387e2e426aa1ef00886bd1a9ef,2017-02-13,"['k-pop', 'k-pop boy group', 'pop']",0.654,0.903,-3.117,0.121,0.00503,0,0.0875,0.659,124.988,11,0,225447,0.0
48,3lJqL7my6Z4yiYGpHBecew,A Brand New Day (BTS World Original Soundtrack) [Pt. 2],5XkyZyKMdFungjDb9cUKc3,https://p.scdn.co/mp3-preview/b4f3642753086e3bae290da23b4fbe6b2141295e?cid=7dd86e387e2e426aa1ef00886bd1a9ef,2019-06-14,"['k-pop', 'k-pop boy group', 'pop']",0.804,0.498,-7.387,0.0571,0.339,0.000236,0.18,0.704,105.008,8,0,205020,1.0
49,3lJqL7my6Z4yiYGpHBecew,BTS Cypher 4,1QWxddJmOhQb1vDdyTipMR,https://p.scdn.co/mp3-preview/1692d6f433c2e5a5d99ce5cdfcd09aa8057e3dc5?cid=7dd86e387e2e426aa1ef00886bd1a9ef,2016-10-10,"['k-pop', 'k-pop boy group', 'pop']",0.817,0.797,-4.395,0.084,0.00533,7.77e-06,0.0551,0.362,119.977,1,0,294463,0.0
50,3lJqL7my6Z4yiYGpHBecew,All Night (BTS World Original Soundtrack) [Pt. 3],70sKIAQgaVN2zWEEyOpyMZ,https://p.scdn.co/mp3-preview/527e0e11c300deac40f43e985bbda6b6d7410325?cid=7dd86e387e2e426aa1ef00886bd1a9ef,2019-06-21,"['k-pop', 'k-pop boy group', 'pop']",0.725,0.706,-4.766,0.121,0.193,0,0.109,0.667,120.042,5,1,216874,2.0
51,3lJqL7my6Z4yiYGpHBecew,Tear,6L1rxT6NUotot2AAiLXGLj,https://p.scdn.co/mp3-preview/26ba623124082336043812fb29d3c7125477a6c1?cid=7dd86e387e2e426aa1ef00886bd1a9ef,2018-08-24,"['k-pop', 'k-pop boy group', 'pop']",0.711,0.903,-2.723,0.247,0.327,0,0.0887,0.467,140.015,6,0,284981,0.0
52,3lJqL7my6Z4yiYGpHBecew,The Truth Untold,4d5nIJDm92XcbBHVXxjpWI,https://p.scdn.co/mp3-preview/8d1acab2155e6bfbc9b6174b925c968b231731d8?cid=7dd86e387e2e426aa1ef00886bd1a9ef,2018-08-24,"['k-pop', 'k-pop boy group', 'pop']",0.57,0.422,-7.561,0.0422,0.372,0,0.127,0.169,113.007,1,0,242293,0.0
53,3lJqL7my6Z4yiYGpHBecew,Magic Shop,2tMBCYj22KxtmkAACIvvk4,https://p.scdn.co/mp3-preview/572e90c2c0eefc57a94d74dfe1e3c18c364ab32c?cid=7dd86e387e2e426aa1ef00886bd1a9ef,2018-08-24,"['k-pop', 'k-pop boy group', 'pop']",0.541,0.661,-5.838,0.0889,0.103,0,0.0779,0.285,149.926,1,1,275696,0.0
54,3lJqL7my6Z4yiYGpHBecew,Hope World,3xngVLz4NYEshyX3aRRXgf,https://p.scdn.co/mp3-preview/4af9e75ff1ac5c45c0c81c8023ac8f32b8a1fa28?cid=7dd86e387e2e426aa1ef00886bd1a9ef,2018-03-02,"['k-pop', 'k-rap']",0.706,0.896,-4.456,0.16,0.0138,0,0.595,0.767,117.038,1,1,204931,0.0
55,3lJqL7my6Z4yiYGpHBecew,P.O.P (Piece Of Peace) Pt. 1,2xYpEh4RtRcHOK5XOG7XQz,https://p.scdn.co/mp3-preview/e33e5fb33221471f67918b50765080252870fdfd?cid=7dd86e387e2e426aa1ef00886bd1a9ef,2018-03-02,"['k-pop', 'k-rap']",0.547,0.845,-5.293,0.0866,0.00652,2.4e-06,0.0604,0.67,175.816,6,1,181113,0.0
56,3lJqL7my6Z4yiYGpHBecew,Base Line,464jQiBOieEQBuo48qnPJl,https://p.scdn.co/mp3-preview/15d61dde167e04b2ea01cb658f885ce50e89f739?cid=7dd86e387e2e426aa1ef00886bd1a9ef,2018-03-02,"['k-pop', 'k-rap']",0.909,0.644,-5.32,0.203,0.0376,0.0111,0.401,0.228,94.982,9,1,89770,0.0
57,3lJqL7my6Z4yiYGpHBecew,항상 (HANGSANG),4mYu3kfBCW6qiTDnfVeuMx,https://p.scdn.co/mp3-preview/9ac55066a934b57170d9c13070ef005617e32ffc?cid=7dd86e387e2e426aa1ef00886bd1a9ef,2018-03-02,"['k-pop', 'k-rap']",0.832,0.896,-4.673,0.233,0.159,4.75e-05,0.247,0.618,178.998,6,1,229676,0.0
58,3lJqL7my6Z4yiYGpHBecew,Blue Side (Outro),2yAr91sJO2OQinZLghgnzr,https://p.scdn.co/mp3-preview/e5d33b152a7c627e4f389c9855fef65049773866?cid=7dd86e387e2e426aa1ef00886bd1a9ef,2018-03-02,"['k-pop', 'k-rap']",0.499,0.394,-10.202,0.0261,0.0149,0.901,0.309,0.0812,80.466,9,0,90540,0.0
59,3lJqL7my6Z4yiYGpHBecew,seoul (prod. HONNE),73ipE4lfZ53pvBbJPXkiEK,https://p.scdn.co/mp3-preview/2e46ce93964bc8753282bd8f904412fd1eddbdb3?cid=7dd86e387e2e426aa1ef00886bd1a9ef,2018-10-22,['k-rap'],0.587,0.664,-8.63,0.0645,0.344,2.47e-05,0.324,0.453,99.8,0,1,275955,0.0
60,3lJqL7my6Z4yiYGpHBecew,Reflection,4Eqo5hcqVnaAfL4J4W5Jjl,https://p.scdn.co/mp3-preview/05388983732511d1e2bf84325b4fea495187fd53?cid=7dd86e387e2e426aa1ef00886bd1a9ef,2016-10-10,"['k-pop', 'k-pop boy group', 'pop']",0.56,0.607,-7.991,0.076,0.0135,1.63e-06,0.2,0.27,73.995,2,1,233917,0.0
61,3lJqL7my6Z4yiYGpHBecew,N.O,1hehPTlSVIhHEvCkVoe4HX,https://p.scdn.co/mp3-preview/cd07244f4229c427cd03dfd22c62a2b46cb77207?cid=7dd86e387e2e426aa1ef00886bd1a9ef,2013-09-11,"['k-pop', 'k-pop boy group', 'pop']",0.594,0.914,-3.764,0.167,0.0389,0,0.457,0.571,146.885,11,0,209752,0.0
62,3lJqL7my6Z4yiYGpHBecew,Attack on Bangtan,2BNuFV7ROaRHu2j3N6k729,https://p.scdn.co/mp3-preview/9359e0482c1c3b494d081f75778974ddfb7e4d6e?cid=7dd86e387e2e426aa1ef00886bd1a9ef,2013-09-11,"['k-pop', 'k-pop boy group', 'pop']",0.719,0.962,-2.555,0.265,0.202,0,0.165,0.669,117.999,11,0,246526,0.0
63,3lJqL7my6Z4yiYGpHBecew,Airplane pt.2,0xKNTDmIym4R2TfKnS4FQo,https://p.scdn.co/mp3-preview/53dc7fee91bc4ae79b9a312f73e529e3093f0be1?cid=7dd86e387e2e426aa1ef00886bd1a9ef,2018-08-24,"['k-pop', 'k-pop boy group', 'pop']",0.769,0.817,-4.092,0.0339,0.0268,9.95e-05,0.084,0.866,139.979,0,0,218615,0.0
64,3lJqL7my6Z4yiYGpHBecew,War of Hormone,3D26URfsMlCNaa51mj9jOt,https://p.scdn.co/mp3-preview/7768d75d4936a920aa1e7dcb2d09a6cd4ba26d60?cid=7dd86e387e2e426aa1ef00886bd1a9ef,2014-08-20,"['k-pop', 'k-pop boy group', 'pop']",0.612,0.993,-1.895,0.24,0.116,0,0.307,0.487,98.004,9,1,265602,0.0
65,3lJqL7my6Z4yiYGpHBecew,For You,2offgVA6h500KKIvUYU5kP,https://p.scdn.co/mp3-preview/c6136585476e975473b78f45052b912cc63b92fe?cid=7dd86e387e2e426aa1ef00886bd1a9ef,2016-09-07,"['k-pop', 'k-pop boy group', 'pop']",0.548,0.809,-4.533,0.185,0.44,0,0.102,0.574,165.892,4,1,284587,57.0
66,3lJqL7my6Z4yiYGpHBecew,Boy With Luv - Japanese ver.,2Ya8bityItATB8WNxaaed1,https://p.scdn.co/mp3-preview/24d0580c8b892e3623073edaff790d3729924ae7?cid=7dd86e387e2e426aa1ef00886bd1a9ef,2019-07-03,"['k-pop', 'k-pop boy group', 'pop']",0.677,0.843,-5.087,0.0795,0.131,0,0.204,0.807,119.968,11,0,231227,42.0
67,3lJqL7my6Z4yiYGpHBecew,Intro: Boy Meets Evil,62c60jSWnJWI4EImxeNeSW,https://p.scdn.co/mp3-preview/57424f11a04e28cc9c1364eeac67ea18ea1ddf51?cid=7dd86e387e2e426aa1ef00886bd1a9ef,2016-10-10,"['k-pop', 'k-pop boy group', 'pop']",0.573,0.89,-3.53,0.214,0.0212,0,0.132,0.242,130.254,5,0,121771,0.0
68,3lJqL7my6Z4yiYGpHBecew,Awake,0UDCfleTgwihlnOUxbzokR,https://p.scdn.co/mp3-preview/6b05e6117fdb304dc69b789c98855e187b38461c?cid=7dd86e387e2e426aa1ef00886bd1a9ef,2016-10-10,"['k-pop', 'k-pop boy group', 'pop']",0.357,0.498,-6.589,0.0332,0.023,1.99e-06,0.269,0.339,142.816,3,1,226161,0.0
69,3lJqL7my6Z4yiYGpHBecew,MAMA,5U1XqpEGLeDd48dDFNqQEC,https://p.scdn.co/mp3-preview/0929faf33177639ed2d4ae844a0cef8227e865d6?cid=7dd86e387e2e426aa1ef00886bd1a9ef,2016-10-10,"['k-pop', 'k-pop boy group', 'pop']",0.544,0.739,-4.818,0.232,0.000226,2.14e-05,0.0816,0.467,185.81,5,0,212275,0.0
70,3lJqL7my6Z4yiYGpHBecew,2! 3!,0ma7lbs8BsVIv2kSaqOsDI,https://p.scdn.co/mp3-preview/de7a28750b49e5aedc1d860a7d9e81315f58fbb6?cid=7dd86e387e2e426aa1ef00886bd1a9ef,2016-10-10,"['k-pop', 'k-pop boy group', 'pop']",0.439,0.928,-4.096,0.233,0.0254,0,0.1,0.599,169.928,7,1,272537,0.0
71,3lJqL7my6Z4yiYGpHBecew,BTS Cypher Pt.3: Killer,2kyht6yYIHLianPBFxx7Mt,https://p.scdn.co/mp3-preview/3f23e60bf84a17c8b9bb8f3f75c6896e41b32bbb?cid=7dd86e387e2e426aa1ef00886bd1a9ef,2014-08-20,"['k-pop', 'k-pop boy group', 'pop']",0.793,0.924,-3.017,0.321,0.0217,0,0.644,0.665,140.03,4,0,267783,0.0
72,3lJqL7my6Z4yiYGpHBecew,Spine Breaker,3CYqr8tC0Y3mrw80y6zqJC,https://p.scdn.co/mp3-preview/d592d856060f7e21f6251a559ca4029537e47171?cid=7dd86e387e2e426aa1ef00886bd1a9ef,2014-02-12,"['k-pop', 'k-pop boy group', 'pop']",0.68,0.927,-1.058,0.149,0.167,0,0.437,0.862,93.975,0,1,238530,0.0
73,3lJqL7my6Z4yiYGpHBecew,Iine!Pt.2 - Ano Bashode -,5ajpyr32JgFtvW0nzvgva4,https://p.scdn.co/mp3-preview/04498bdaf9fa9c62f3a23772bf82c237373306be?cid=7dd86e387e2e426aa1ef00886bd1a9ef,2014-12-24,"['k-pop', 'k-pop boy group', 'pop']",0.684,0.717,-5.765,0.151,0.478,0,0.367,0.861,95.039,11,0,235467,56.0
74,3lJqL7my6Z4yiYGpHBecew,Butterfly,6kX452oUUNojKWNNuc1nqx,https://p.scdn.co/mp3-preview/c6a5f64a54e37632847176f687c05938a0e18372?cid=7dd86e387e2e426aa1ef00886bd1a9ef,2015-11-30,"['k-pop', 'k-pop boy group', 'pop']",0.448,0.776,-4.498,0.0571,0.0149,0,0.12,0.294,149.806,6,1,238862,0.0
75,3lJqL7my6Z4yiYGpHBecew,It's Definitely You,2LowwiemmGMzzNSH1PJprK,https://p.scdn.co/mp3-preview/c565728894d08fd73bcfbc4c868f2746ade10b56?cid=7dd86e387e2e426aa1ef00886bd1a9ef,2016-12-20,"['j-division', 'korean ost']",0.737,0.731,-3.193,0.0706,0.241,0,0.087,0.761,94.999,10,0,230693,74.0
76,3lJqL7my6Z4yiYGpHBecew,I Need U (Urban Mix),2IEQHXxE3ouwypVsdSB7Wj,https://p.scdn.co/mp3-preview/2f117172a3d88485ebf33695bbc4e467b59d4473?cid=7dd86e387e2e426aa1ef00886bd1a9ef,2016-05-02,"['k-pop', 'k-pop boy group', 'pop']",0.56,0.814,-3.603,0.0682,0.11,0,0.188,0.534,74.01,5,0,215189,0.0
77,3lJqL7my6Z4yiYGpHBecew,Coffee,5IYnriBBJz1iz1ki3bJnWo,https://p.scdn.co/mp3-preview/60dd3227a50c154a4f1076bd0a455bfcc7f6e41e?cid=7dd86e387e2e426aa1ef00886bd1a9ef,2013-09-11,"['k-pop', 'k-pop boy group', 'pop']",0.656,0.798,-6.608,0.103,0.00862,0,0.321,0.572,92.03,0,1,260433,0.0
78,3lJqL7my6Z4yiYGpHBecew,Paradise,01dmH2IPkrLNWIMPNXlreE,https://p.scdn.co/mp3-preview/6a82aaf3cd89cc5b8e3cfc98a2bb9e614b5848ef?cid=7dd86e387e2e426aa1ef00886bd1a9ef,2018-05-18,"['k-pop', 'k-pop boy group', 'pop']",0.519,0.828,-5.523,0.365,0.214,0,0.0571,0.929,139.413,5,1,211224,0.0
79,3lJqL7my6Z4yiYGpHBecew,Love Maze,645YBsxhFPSOKxGep3uHLv,https://p.scdn.co/mp3-preview/60144d18594fc57811e6d115d1a468fdfccda0b7?cid=7dd86e387e2e426aa1ef00886bd1a9ef,2018-05-18,"['k-pop', 'k-pop boy group', 'pop']",0.636,0.876,-4.652,0.0617,0.0487,0,0.0728,0.759,149.932,9,1,221529,0.0
80,3lJqL7my6Z4yiYGpHBecew,Look Here,5tHj7TuWS1h6GDU0Ajcm32,https://p.scdn.co/mp3-preview/24e364feca18ab8d43b1975c3c001718e2d74201?cid=7dd86e387e2e426aa1ef00886bd1a9ef,2014-08-20,"['k-pop', 'k-pop boy group', 'pop']",0.863,0.854,-4.564,0.0893,0.0418,0.00152,0.0551,0.784,119.996,4,0,218887,0.0
81,3lJqL7my6Z4yiYGpHBecew,Boy in Luv,44gWm1spxejf9cc589qV28,https://p.scdn.co/mp3-preview/15e76ec7e296995a342761915e0d3e8bee43bbf1?cid=7dd86e387e2e426aa1ef00886bd1a9ef,2014-02-12,"['k-pop', 'k-pop boy group', 'pop']",0.491,0.947,-2.252,0.306,0.00262,0,0.34,0.473,166.247,0,1,230778,0.0
82,3lJqL7my6Z4yiYGpHBecew,Love Is Not Over (Full Length Edition),3p5PbT7QMSQpTG5X1qUqk1,https://p.scdn.co/mp3-preview/a31552bb7d95ce50bfa43673215ee5644ae0b237?cid=7dd86e387e2e426aa1ef00886bd1a9ef,2016-05-02,"['k-pop', 'k-pop boy group', 'pop']",0.462,0.577,-5.089,0.0846,0.124,0,0.127,0.278,102.972,2,1,221620,0.0
83,3lJqL7my6Z4yiYGpHBecew,Converse High,0jZOtr2W8Qqapo7IW9Jksl,https://p.scdn.co/mp3-preview/324c1f380fcd4d82386b008a2d1c5b565afdc7bf?cid=7dd86e387e2e426aa1ef00886bd1a9ef,2016-05-02,"['k-pop', 'k-pop boy group', 'pop']",0.72,0.803,-3.67,0.0956,0.0245,0,0.2,0.804,97.991,1,1,210222,0.0
84,3lJqL7my6Z4yiYGpHBecew,Autumn Leaves,4i4uJFziL5tEO9tWRSudlJ,https://p.scdn.co/mp3-preview/5999f457606b96a8039fd21f6b608bb8a8670b5d?cid=7dd86e387e2e426aa1ef00886bd1a9ef,2015-11-30,"['k-pop', 'k-pop boy group', 'pop']",0.619,0.802,-3.302,0.0423,0.0136,0,0.127,0.307,104.985,10,0,267151,0.0
85,3lJqL7my6Z4yiYGpHBecew,Epilogue: Young Forever,43hiD0QEeUysuWqDzd8GwA,https://p.scdn.co/mp3-preview/1f1fe7021879abf2f4092efc331bea3ae958ca1f?cid=7dd86e387e2e426aa1ef00886bd1a9ef,2016-05-02,"['k-pop', 'k-pop boy group', 'pop']",0.606,0.815,-3.818,0.231,0.04,0,0.119,0.386,88.062,5,0,171803,0.0
86,3lJqL7my6Z4yiYGpHBecew,House of Cards (Full Length Edition),4BMbbfwW9GLl9b05ecYKVa,https://p.scdn.co/mp3-preview/4ce3c6ce4b8259dbafc1a5dc1b823bd0c28c339c?cid=7dd86e387e2e426aa1ef00886bd1a9ef,2016-05-02,"['k-pop', 'k-pop boy group', 'pop']",0.367,0.67,-4.485,0.0517,0.334,0,0.147,0.386,104.96,2,0,226212,0.0
87,3lJqL7my6Z4yiYGpHBecew,Moving On,35bRmqYn2rYeNdCYH0WGMz,https://p.scdn.co/mp3-preview/5c44c7a7e560ea106632b428d27edca8fc7b9d03?cid=7dd86e387e2e426aa1ef00886bd1a9ef,2016-05-02,"['k-pop', 'k-pop boy group', 'pop']",0.68,0.926,-2.551,0.164,0.00223,1.02e-05,0.0905,0.935,159.97,0,1,292519,0.0
88,3lJqL7my6Z4yiYGpHBecew,Change,1UBp6NPWRYWEqvRtFwIvZO,https://p.scdn.co/mp3-preview/d96d25519a179c04da145d258a094ee78384a3e5?cid=7dd86e387e2e426aa1ef00886bd1a9ef,2017-03-20,['k-rap'],0.364,0.849,-3.562,0.355,0.0237,0,0.0615,0.326,179.592,11,0,277970,0.0
89,3lJqL7my6Z4yiYGpHBecew,Let Me Know,5eM0WUGlosevLM5sA6UsWd,https://p.scdn.co/mp3-preview/c59b40324b98f7d06bd2549341b297214216e0ba?cid=7dd86e387e2e426aa1ef00886bd1a9ef,2014-08-20,"['k-pop', 'k-pop boy group', 'pop']",0.614,0.828,-4.84,0.0815,0.0116,0,0.0961,0.16,136.1,11,0,254973,0.0
90,3lJqL7my6Z4yiYGpHBecew,Rain,4HEFpKZaYWGTjgCjhnSShV,https://p.scdn.co/mp3-preview/73835188527b7e3f73813b18a3731ad521265297?cid=7dd86e387e2e426aa1ef00886bd1a9ef,2014-08-20,"['k-pop', 'k-pop boy group', 'pop']",0.702,0.851,-4.918,0.143,0.031,0,0.354,0.313,89.957,1,0,264667,0.0
91,3lJqL7my6Z4yiYGpHBecew,Intro: Skool Luv Affair,6xLm5hdcUTmZPWUzPnQ9US,https://p.scdn.co/mp3-preview/ef26c617a2454e6451aa1d90bcf17c1e645076f2?cid=7dd86e387e2e426aa1ef00886bd1a9ef,2014-02-12,"['k-pop', 'k-pop boy group', 'pop']",0.587,0.821,-2.701,0.428,0.0601,0,0.0599,0.671,93.841,4,0,178282,0.0
92,3lJqL7my6Z4yiYGpHBecew,Boyz with Fun,1pePqg6hTMeaTZNNECqT03,https://p.scdn.co/mp3-preview/68ce3eab3bc4582c505ae35ff774915b3f6d68c2?cid=7dd86e387e2e426aa1ef00886bd1a9ef,2015-04-29,"['k-pop', 'k-pop boy group', 'pop']",0.704,0.959,-2.607,0.192,0.0808,0,0.383,0.751,116.024,1,0,244156,0.0
93,3lJqL7my6Z4yiYGpHBecew,Tomorrow,1n99s09TM651WSXOMxyoHF,https://p.scdn.co/mp3-preview/8baf0639d89f6e407bd0c11c73ba8882089c5c45?cid=7dd86e387e2e426aa1ef00886bd1a9ef,2014-02-12,"['k-pop', 'k-pop boy group', 'pop']",0.311,0.887,-2.578,0.277,0.00941,0,0.281,0.627,175.483,1,0,261575,0.0
94,3lJqL7my6Z4yiYGpHBecew,Danger,6njl4FfPUwVmoIR1RKLq05,https://p.scdn.co/mp3-preview/8d3dfd6f413500b076562b02352bcea3efefcd15?cid=7dd86e387e2e426aa1ef00886bd1a9ef,2014-08-20,"['k-pop', 'k-pop boy group', 'pop']",0.738,0.868,-3.363,0.0703,0.000907,0.000215,0.275,0.378,111.992,1,1,245140,0.0
95,3lJqL7my6Z4yiYGpHBecew,A Supplementary Story: You Never Walk Alone,0rwNiysHvEWZWendzWyadr,https://p.scdn.co/mp3-preview/395aa375367308ca73d91575e341af84071b8844?cid=7dd86e387e2e426aa1ef00886bd1a9ef,2017-02-13,"['k-pop', 'k-pop boy group', 'pop']",0.695,0.903,-4.788,0.152,0.00596,0,0.0668,0.59,127.99,8,1,156061,0.0
96,3lJqL7my6Z4yiYGpHBecew,Miss Right,6WAKgjqoVT0nwPkfL04HBl,https://p.scdn.co/mp3-preview/e5d84362ddb5f13bf229a11e5abebcfe7cafb6bc?cid=7dd86e387e2e426aa1ef00886bd1a9ef,2014-05-14,"['k-pop', 'k-pop boy group', 'pop']",0.721,0.835,-4.926,0.211,0.371,0,0.0765,0.855,92.97,1,1,241375,0.0
97,3lJqL7my6Z4yiYGpHBecew,Hold Me Tight,08eReCl8B3bV1GA247IGc2,https://p.scdn.co/mp3-preview/503889766cbc3ff21f5082b4d2c003a2c309b091?cid=7dd86e387e2e426aa1ef00886bd1a9ef,2015-04-29,"['k-pop', 'k-pop boy group', 'pop']",0.631,0.728,-5.111,0.284,0.0511,0,0.171,0.395,139.977,6,1,274992,0.0
98,3lJqL7my6Z4yiYGpHBecew,Whalien 52,6ESRqSLumyZz7YCeCRuxWm,https://p.scdn.co/mp3-preview/c70e8266ab09c8c62831867383091eec4500bfce?cid=7dd86e387e2e426aa1ef00886bd1a9ef,2015-11-30,"['k-pop', 'k-pop boy group', 'pop']",0.585,0.93,-2.707,0.241,0.0992,2.54e-06,0.345,0.735,90.029,10,0,243222,0.0
99,3lJqL7my6Z4yiYGpHBecew,Let Go,1OqDvYVDhJyFZny7XlfIyZ,https://p.scdn.co/mp3-preview/2ab30c650151ca874ee3b6884a6e8f87e4e479fd?cid=7dd86e387e2e426aa1ef00886bd1a9ef,2018-04-04,"['k-pop', 'k-pop boy group', 'pop']",0.558,0.863,-3.53,0.178,0.17,0,0.289,0.388,173.908,4,1,299707,65.0
100,3lJqL7my6Z4yiYGpHBecew,So What,4CvId64YZSB0RfRdfzPIQU,https://p.scdn.co/mp3-preview/90eefae31fc6f44a509147b5528a93de84e85eba?cid=7dd86e387e2e426aa1ef00886bd1a9ef,2018-05-18,"['k-pop', 'k-pop boy group', 'pop']",0.656,0.883,-4.294,0.0737,0.0238,0,0.0481,0.46,129.947,9,0,281521,0.0
101,3lJqL7my6Z4yiYGpHBecew,24/7=Heaven,4AO4ayRhZI2e16fqkVpkJP,https://p.scdn.co/mp3-preview/b2f4118118e0ec1457b7d1bedf139726f53b30e0?cid=7dd86e387e2e426aa1ef00886bd1a9ef,2014-08-20,"['k-pop', 'k-pop boy group', 'pop']",0.643,0.903,-2.976,0.117,0.0635,0,0.33,0.573,96.068,2,1,226425,0.0
102,3lJqL7my6Z4yiYGpHBecew,Intro: The Most Beautiful Moment in Life,4upjf74hEzI1Vd1ygdvpTy,https://p.scdn.co/mp3-preview/07acfdcb6e5d0b67cc0a8646360eb58c9ee9d50b?cid=7dd86e387e2e426aa1ef00886bd1a9ef,2015-04-29,"['k-pop', 'k-pop boy group', 'pop']",0.36,0.97,-4.422,0.535,0.233,0,0.074,0.257,86.893,0,0,123033,0.0
103,3lJqL7my6Z4yiYGpHBecew,Give It to Me,5eXlvP0dxI3Xo2ngmNoj9X,https://p.scdn.co/mp3-preview/0a0288ed463843006fe1dca9c9e5bc89f54781b6?cid=7dd86e387e2e426aa1ef00886bd1a9ef,2016-08-16,['k-rap'],0.539,0.751,-3.889,0.225,0.000833,1.05e-05,0.158,0.429,94.6,8,0,149525,0.0
104,3lJqL7my6Z4yiYGpHBecew,Come Back Home,5dEaQCUCJIQyJs5qVZYXOC,https://p.scdn.co/mp3-preview/b204817bf2abe49a4c80196e929dcb0e82aa2008?cid=7dd86e387e2e426aa1ef00886bd1a9ef,2017-07-04,"['k-pop', 'k-pop boy group', 'pop']",0.647,0.881,-4.42,0.0765,0.00154,1.12e-06,0.113,0.456,100.001,11,0,244588,60.0
105,3lJqL7my6Z4yiYGpHBecew,BTS Cypher Pt.2: Triptych,5XQjspYTlLobTIWdWjJ3Jj,https://p.scdn.co/mp3-preview/0c00e827b1b4abccb536ef7b99dd6594cfe80e68?cid=7dd86e387e2e426aa1ef00886bd1a9ef,2014-02-12,"['k-pop', 'k-pop boy group', 'pop']",0.585,0.98,-0.826,0.37,0.127,0,0.692,0.837,141.945,5,1,288771,0.0
106,3lJqL7my6Z4yiYGpHBecew,Outro: Propose,2M2LSar3DJWLQHcp1MZETj,https://p.scdn.co/mp3-preview/9c662da49f4e7f256977d388035f8596c1e46bad?cid=7dd86e387e2e426aa1ef00886bd1a9ef,2014-02-12,"['k-pop', 'k-pop boy group', 'pop']",0.398,0.847,-2.489,0.159,0.467,0,0.205,0.514,173.733,2,1,122514,0.0
107,3lJqL7my6Z4yiYGpHBecew,Hip Hop Phile,2IIhviXBY0Ikmlbm2DHByJ,https://p.scdn.co/mp3-preview/7d4d8a4ef4ca91fa04dc4990b92f01b81d7d4b56?cid=7dd86e387e2e426aa1ef00886bd1a9ef,2014-08-20,"['k-pop', 'k-pop boy group', 'pop']",0.796,0.878,-3.325,0.185,0.171,0,0.234,0.795,144.001,1,1,257301,0.0
108,3lJqL7my6Z4yiYGpHBecew,Wishing On A Star,3UvbL9zd4XTsCL8O6Qp2bR,https://p.scdn.co/mp3-preview/4be8ee7c4ae72bc39ea0486907c00d4c3ce4cb89?cid=7dd86e387e2e426aa1ef00886bd1a9ef,2016-09-07,"['k-pop', 'k-pop boy group', 'pop']",0.543,0.832,-4.717,0.209,0.0168,0,0.0398,0.636,179.963,8,1,271760,55.0
109,3lJqL7my6Z4yiYGpHBecew,BTS Cypher Pt.1,0do2tFk8lqFdNL2TYAlslN,https://p.scdn.co/mp3-preview/a7c87de44e35f0aff14b720bc76224087c7c7d56?cid=7dd86e387e2e426aa1ef00886bd1a9ef,2013-09-11,"['k-pop', 'k-pop boy group', 'pop']",0.753,0.903,-5.414,0.354,0.541,0,0.343,0.858,96.547,2,1,131192,0.0
110,3lJqL7my6Z4yiYGpHBecew,Wake Up,7gLRRcl3qKKpDlt0gApSAJ,https://p.scdn.co/mp3-preview/a40f8fef1c3f1bd6ce0bd1434fa5896fe4ed7835?cid=7dd86e387e2e426aa1ef00886bd1a9ef,2014-12-24,"['k-pop', 'k-pop boy group', 'pop']",0.709,0.686,-4.797,0.0487,0.1,0,0.0865,0.734,91.016,8,1,352133,51.0
111,3lJqL7my6Z4yiYGpHBecew,The Stars,1PfGlo5nWnbBxfQyY2rxYk,https://p.scdn.co/mp3-preview/48e4c592db1037efb721803f96a0d6fd412f0ba8?cid=7dd86e387e2e426aa1ef00886bd1a9ef,2014-12-24,"['k-pop', 'k-pop boy group', 'pop']",0.602,0.957,-3.132,0.244,0.0292,0,0.101,0.574,170.054,0,1,255320,51.0
112,3lJqL7my6Z4yiYGpHBecew,Could You Turn off Your Cell Phone,1dodR9RPo1GpbmAesiCzuM,https://p.scdn.co/mp3-preview/3fd33b7e017e3b53a1fdc3d32a88eb9d24b2a8cd?cid=7dd86e387e2e426aa1ef00886bd1a9ef,2014-08-20,"['k-pop', 'k-pop boy group', 'pop']",0.459,0.856,-4.383,0.235,0.152,0,0.08,0.917,97.025,11,0,234063,0.0
113,3lJqL7my6Z4yiYGpHBecew,Intro: What Am I to You,0tbfYaBMhYrwtkTXynfuIJ,https://p.scdn.co/mp3-preview/e0860771699cb1011ae93abc21f36b42e9e0f2fd?cid=7dd86e387e2e426aa1ef00886bd1a9ef,2014-08-20,"['k-pop', 'k-pop boy group', 'pop']",0.479,0.899,-2.228,0.292,0.423,0,0.366,0.571,81.92,0,1,165121,0.0
114,3lJqL7my6Z4yiYGpHBecew,Chicken Noodle Soup (feat. Becky G),6wyr4ReB05D9sJB1Rsmcqo,https://p.scdn.co/mp3-preview/83ae1a6e4678f7c5063ad55c98beee419d628309?cid=7dd86e387e2e426aa1ef00886bd1a9ef,2019-09-27,"['k-pop', 'k-rap']",0.826,0.817,-4.081,0.0921,0.00502,1.09e-05,0.294,0.168,97.053,2,1,235497,0.0
115,3lJqL7my6Z4yiYGpHBecew,Outro: Luv in Skool,5kD6DnMehM1XD8dvS83Xzu,https://p.scdn.co/mp3-preview/4d4f14a86cd94f600700ab61cfe76595bd529719?cid=7dd86e387e2e426aa1ef00886bd1a9ef,2013-09-11,"['k-pop', 'k-pop boy group', 'pop']",0.693,0.392,-6.615,0.0439,0.0508,0,0.144,0.473,131.863,5,1,86045,0.0
116,3lJqL7my6Z4yiYGpHBecew,moonchild,5Zlo5ZYjrr6DwQw1kBi5bA,https://p.scdn.co/mp3-preview/da9fea72142e40492ce38c039e99ef65be70acc5?cid=7dd86e387e2e426aa1ef00886bd1a9ef,2018-10-22,['k-rap'],0.504,0.869,-5.576,0.213,0.0254,0,0.0659,0.19,157.992,9,0,205833,0.0
117,3lJqL7my6Z4yiYGpHBecew,Jump,22gGBmp8JqlymbXQvAUlYX,https://p.scdn.co/mp3-preview/75406fec16f903f1b7990f697a99388c00c05876?cid=7dd86e387e2e426aa1ef00886bd1a9ef,2014-02-12,"['k-pop', 'k-pop boy group', 'pop']",0.495,0.973,-0.947,0.283,0.0347,0,0.432,0.763,102.058,7,0,236489,0.0
118,3lJqL7my6Z4yiYGpHBecew,Intro: Never Mind,5kKoQjyLorcc6CK6GVslx8,https://p.scdn.co/mp3-preview/7076a2ef4eb2cfe58b416fa9ca18d6e4c6cb6669?cid=7dd86e387e2e426aa1ef00886bd1a9ef,2015-11-30,"['k-pop', 'k-pop boy group', 'pop']",0.349,0.949,-4.942,0.902,0.00765,0,0.329,0.397,79.942,6,0,136428,0.0
119,3lJqL7my6Z4yiYGpHBecew,Don't Leave Me,3zIG0WuI5RoJsFYnErkFDU,https://p.scdn.co/mp3-preview/752c553c1cc3864239badf6cdc13d7b89553e298?cid=7dd86e387e2e426aa1ef00886bd1a9ef,2018-04-04,"['k-pop', 'k-pop boy group', 'pop']",0.62,0.778,-4.622,0.0724,0.116,0,0.312,0.386,147.012,8,0,227413,63.0
120,3lJqL7my6Z4yiYGpHBecew,MIC Drop,72axIDDOCa3uaXZEIQZhnR,https://p.scdn.co/mp3-preview/7f839bd9758df8bc2ed9410a914830300ab153dc?cid=7dd86e387e2e426aa1ef00886bd1a9ef,2018-08-24,"['k-pop', 'k-pop boy group', 'pop']",0.667,0.889,-4.851,0.0918,0.00912,0,0.0816,0.541,169.959,6,1,238193,0.0
121,3lJqL7my6Z4yiYGpHBecew,Butterfly (Prologue Mix),38S0v2f5ljxzQE2CCdRVkd,https://p.scdn.co/mp3-preview/947ac10ca6f88482cfb8a9517664343a3ae21a79?cid=7dd86e387e2e426aa1ef00886bd1a9ef,2016-05-02,"['k-pop', 'k-pop boy group', 'pop']",0.377,0.541,-6.451,0.0487,0.0446,0.001,0.0909,0.135,74.341,6,1,295128,0.0
122,3lJqL7my6Z4yiYGpHBecew,"Intro: O!RUL8,2?",3Jqecns7MfqxumyVCyXgJA,https://p.scdn.co/mp3-preview/92fa103ed75c5871ae6fa0ee3dd89c94ba3ed756?cid=7dd86e387e2e426aa1ef00886bd1a9ef,2013-09-11,"['k-pop', 'k-pop boy group', 'pop']",0.455,0.9,-5.029,0.393,0.272,0,0.0945,0.188,150.14,7,1,70531,0.0
123,3lJqL7my6Z4yiYGpHBecew,We On,24WkSw7HQ8JIfcEefvJkcq,https://p.scdn.co/mp3-preview/ed7c3aa57ca0642cfce2e0e33f62f2b447abaf16?cid=7dd86e387e2e426aa1ef00886bd1a9ef,2013-09-11,"['k-pop', 'k-pop boy group', 'pop']",0.801,0.797,-4.319,0.163,0.0405,2.37e-06,0.115,0.801,97.01,2,0,230885,0.0
124,3lJqL7my6Z4yiYGpHBecew,2nd Grade,1ACqCMuFuvqCToDuY7C707,https://p.scdn.co/mp3-preview/d5d531e0787720959e3f3a8c582a6f14fcafda1f?cid=7dd86e387e2e426aa1ef00886bd1a9ef,2014-08-20,"['k-pop', 'k-pop boy group', 'pop']",0.676,0.925,-2.451,0.109,0.00395,6.7e-06,0.279,0.797,163.953,8,1,235020,0.0
125,3lJqL7my6Z4yiYGpHBecew,Interlude : Shadow,2Nib4r0saYQf2pUV4RFDhl,https://p.scdn.co/mp3-preview/8c87a0fcea11d93ca7c86f4694a1c2f1edf99c96?cid=7dd86e387e2e426aa1ef00886bd1a9ef,2020-02-21,"['k-pop', 'k-pop boy group', 'pop']",0.385,0.798,-6.439,0.483,0.115,0,0.181,0.141,149.756,9,0,259821,0.0
126,3lJqL7my6Z4yiYGpHBecew,Filter,0ono6UCNVZ1XqOm6j78Blu,https://p.scdn.co/mp3-preview/d55bcdfb25b5bec54b0f3ccdd33123d0acf9062b?cid=7dd86e387e2e426aa1ef00886bd1a9ef,2020-02-21,"['k-pop', 'k-pop boy group', 'pop']",0.781,0.762,-5.188,0.0626,0.0222,0,0.121,0.86,110.042,10,0,180221,0.0
127,3lJqL7my6Z4yiYGpHBecew,My Time,4vTgx6h4seHvkuFh84JXYP,https://p.scdn.co/mp3-preview/2413bb07412e37c4653794b44b1d79d41254fb10?cid=7dd86e387e2e426aa1ef00886bd1a9ef,2020-02-21,"['k-pop', 'k-pop boy group', 'pop']",0.674,0.64,-5.139,0.0339,0.151,0,0.0925,0.664,99.908,0,0,234458,0.0
128,3lJqL7my6Z4yiYGpHBecew,Louder than bombs,3op7HNwLli54MBjFGzIlZO,https://p.scdn.co/mp3-preview/54bc0871f31d959b8fc2f214015b8cf60c3c2604?cid=7dd86e387e2e426aa1ef00886bd1a9ef,2020-02-21,"['k-pop', 'k-pop boy group', 'pop']",0.643,0.667,-6.993,0.152,0.0433,0,0.0904,0.485,145.999,0,0,217404,0.0
129,3lJqL7my6Z4yiYGpHBecew,ON,2QyuXBcV1LJ2rq01KhreMF,https://p.scdn.co/mp3-preview/398d6c00c422b1d401c8c3a4239d2c03f5a824c2?cid=7dd86e387e2e426aa1ef00886bd1a9ef,2020-02-21,"['k-pop', 'k-pop boy group', 'pop']",0.583,0.817,-5.146,0.0987,0.118,0,0.338,0.438,105.936,9,0,246381,1.0
130,3lJqL7my6Z4yiYGpHBecew,UGH!,1aKuG1GG76xPLUkjBbQo3W,https://p.scdn.co/mp3-preview/441bf9abb133473cdab8af12f634a95a8e4561af?cid=7dd86e387e2e426aa1ef00886bd1a9ef,2020-02-21,"['k-pop', 'k-pop boy group', 'pop']",0.72,0.824,-5.086,0.128,0.0394,0,0.0509,0.333,165.998,10,0,225012,1.0
131,3lJqL7my6Z4yiYGpHBecew,00:00 (Zero O’Clock),4AlihYDqxXshKhvh5tnMfP,https://p.scdn.co/mp3-preview/f553f171ef282f810371358bb6550aa571db3be5?cid=7dd86e387e2e426aa1ef00886bd1a9ef,2020-02-21,"['k-pop', 'k-pop boy group', 'pop']",0.566,0.548,-6.456,0.0579,0.0802,0,0.11,0.196,157.999,1,1,250296,0.0
132,3lJqL7my6Z4yiYGpHBecew,Friends,7w05lsU2VLSeiT8Nukrv5M,https://p.scdn.co/mp3-preview/372841a84bc6f77efe7f99d184657badf87ac97f?cid=7dd86e387e2e426aa1ef00886bd1a9ef,2020-02-21,"['k-pop', 'k-pop boy group', 'pop']",0.55,0.747,-5.211,0.0407,0.0668,0,0.0536,0.648,79.98,1,1,199339,0.0
133,3lJqL7my6Z4yiYGpHBecew,Respect,37TSJmYKLxXmx8OehFpqMN,https://p.scdn.co/mp3-preview/d7792929a045acef948f3a03775d7e6fbd7f8f70?cid=7dd86e387e2e426aa1ef00886bd1a9ef,2020-02-21,"['k-pop', 'k-pop boy group', 'pop']",0.661,0.84,-4.805,0.116,0.00485,0,0.287,0.524,91.457,0,1,237540,0.0
134,3lJqL7my6Z4yiYGpHBecew,Outro : Ego,3r9FFjLrAIQjoR8pSHVPC9,https://p.scdn.co/mp3-preview/c9306c730c86e527bf12cf8e665d8ca2eaf0f941?cid=7dd86e387e2e426aa1ef00886bd1a9ef,2020-02-21,"['k-pop', 'k-pop boy group', 'pop']",0.808,0.903,-3.106,0.0958,0.0121,0.000233,0.0993,0.473,116.988,0,1,196199,0.0
135,3lJqL7my6Z4yiYGpHBecew,Intro : Persona,2BgZrbbAZxSnyE7U5efVrG,https://p.scdn.co/mp3-preview/b29bb5af01b53b7df73c3a51d41a34081f85b210?cid=7dd86e387e2e426aa1ef00886bd1a9ef,2020-02-21,"['k-pop', 'k-pop boy group', 'pop']",0.469,0.87,-4.475,0.342,0.0278,0,0.313,0.652,86.622,9,0,171023,0.0
136,3lJqL7my6Z4yiYGpHBecew,Boy With Luv (Feat. Halsey),1ZpFxOhpzT1MDCq7zjtOV1,https://p.scdn.co/mp3-preview/c5e4b03bcf18d2b137370569baeb74a9dfce7e63?cid=7dd86e387e2e426aa1ef00886bd1a9ef,2020-02-21,"['k-pop', 'k-pop boy group', 'pop']",0.645,0.862,-4.757,0.0965,0.0923,0,0.192,0.798,119.991,11,0,229773,0.0
137,3lJqL7my6Z4yiYGpHBecew,Make It Right,1OqkHhYOcqfwYx7LqlAE8Y,https://p.scdn.co/mp3-preview/72d288469ab15aed14b3f3235d19055c460f592a?cid=7dd86e387e2e426aa1ef00886bd1a9ef,2020-02-21,"['k-pop', 'k-pop boy group', 'pop']",0.638,0.703,-7.874,0.444,0.0104,0,0.132,0.261,105.766,7,1,226321,0.0
138,3lJqL7my6Z4yiYGpHBecew,Jamais Vu,5oXdWFCLkBX5XmGbTrlK40,https://p.scdn.co/mp3-preview/e8229fe82d6aad417b9276963fa8871137fe753f?cid=7dd86e387e2e426aa1ef00886bd1a9ef,2020-02-21,"['k-pop', 'k-pop boy group', 'pop']",0.608,0.47,-6.73,0.0428,0.226,0,0.0963,0.241,81.0,8,1,227275,0.0
139,3lJqL7my6Z4yiYGpHBecew,Dionysus,2SytGgja3g2R2N9lzV6n3E,https://p.scdn.co/mp3-preview/5c3df2749867c02ebf8d76f22e0051ff48874b93?cid=7dd86e387e2e426aa1ef00886bd1a9ef,2020-02-21,"['k-pop', 'k-pop boy group', 'pop']",0.502,0.91,-2.769,0.107,0.04,0,0.319,0.588,176.084,7,1,249215,0.0
140,3lJqL7my6Z4yiYGpHBecew,Black Swan,3bkkMZEAhx7rTVz1C0itRQ,https://p.scdn.co/mp3-preview/eb4a5251d0154164a42c4f5617bdabbdb20b10ba?cid=7dd86e387e2e426aa1ef00886bd1a9ef,2020-02-21,"['k-pop', 'k-pop boy group', 'pop']",0.719,0.758,-5.167,0.0851,0.137,0,0.129,0.49,147.023,2,0,198261,0.0
141,3lJqL7my6Z4yiYGpHBecew,We are Bulletproof : the Eternal,44WLOqH7QayQOQdeUHeKUK,https://p.scdn.co/mp3-preview/153c12bd99306241e894703c946d2e3d325ab13c?cid=7dd86e387e2e426aa1ef00886bd1a9ef,2020-02-21,"['k-pop', 'k-pop boy group', 'pop']",0.526,0.575,-5.215,0.0309,0.225,0,0.108,0.19,84.047,9,0,261543,0.0
142,3lJqL7my6Z4yiYGpHBecew,Where You From,1OCbJSqiTF48eohk0XpGz1,https://p.scdn.co/mp3-preview/e91af45be8270687c0fd734b0610b34650fdd096?cid=7dd86e387e2e426aa1ef00886bd1a9ef,2014-02-12,"['k-pop', 'k-pop boy group', 'pop']",0.658,0.867,-1.772,0.312,0.432,0,0.0744,0.918,85.075,7,1,240107,0.0
143,3lJqL7my6Z4yiYGpHBecew,Ma City,4U5CuHBciWGmCoR3Edgjj0,https://p.scdn.co/mp3-preview/651795e87a6db637478af8d0a02444cbeff9613b?cid=7dd86e387e2e426aa1ef00886bd1a9ef,2016-05-02,"['k-pop', 'k-pop boy group', 'pop']",0.678,0.97,-2.155,0.0989,0.000267,0,0.0548,0.783,122.017,6,0,256840,0.0
144,3lJqL7my6Z4yiYGpHBecew,Inner Child,4BKOjYosPhw334moS3wlbO,https://p.scdn.co/mp3-preview/822e4d9fcf22c872a4bca5a5aef1690c8f3d5de9?cid=7dd86e387e2e426aa1ef00886bd1a9ef,2020-02-21,"['k-pop', 'k-pop boy group', 'pop']",0.589,0.696,-7.981,0.0725,0.017,0,0.0808,0.332,134.953,11,1,233266,0.0
145,3lJqL7my6Z4yiYGpHBecew,Moon,1xfXXujIlLZAx5wpu46Nyk,https://p.scdn.co/mp3-preview/9c48b07f426e193592253e7be023566aa22e4251?cid=7dd86e387e2e426aa1ef00886bd1a9ef,2020-02-21,"['k-pop', 'k-pop boy group', 'pop']",0.703,0.646,-6.658,0.0596,0.0104,0,0.191,0.64,141.87,6,1,208590,0.0
146,3lJqL7my6Z4yiYGpHBecew,724148,5io5w3uHAYTw74Sr8oHVEL,https://p.scdn.co/mp3-preview/0c9e9f739ee91947943468afec186b8bdeb40232?cid=7dd86e387e2e426aa1ef00886bd1a9ef,2016-08-16,['k-rap'],0.683,0.964,-3.341,0.338,0.0125,0,0.0848,0.591,89.557,4,0,185733,0.0
147,3lJqL7my6Z4yiYGpHBecew,If I Ruled the World,01hvI4BrrUbBuyIXewP4AD,https://p.scdn.co/mp3-preview/d1cc8db0c564c55bfcc4515763967ecf37e0c3e1?cid=7dd86e387e2e426aa1ef00886bd1a9ef,2013-09-11,"['k-pop', 'k-pop boy group', 'pop']",0.744,0.725,-6.29,0.112,0.0434,0,0.296,0.73,95.983,7,1,247450,0.0
148,3lJqL7my6Z4yiYGpHBecew,Paldogangsan,1yFEQO3mOtDAje6rOyj2Cf,https://p.scdn.co/mp3-preview/a7e7e10449a7967f64ad6e42af123a12541cc06c?cid=7dd86e387e2e426aa1ef00886bd1a9ef,2013-09-11,"['k-pop', 'k-pop boy group', 'pop']",0.564,0.945,-3.11,0.243,0.0789,0,0.0873,0.871,105.018,11,0,205061,0.0
149,3lJqL7my6Z4yiYGpHBecew,Moonlight,5uHrWZqndnheP1qtYr6xGC,https://p.scdn.co/mp3-preview/ae00cf5156e87f7479abf33eaf53230cb46d3a2b?cid=7dd86e387e2e426aa1ef00886bd1a9ef,2020-05-22,['k-rap'],0.689,0.729,-5.801,0.225,0.273,0,0.059,0.773,97.057,7,1,163016,0.0
150,3lJqL7my6Z4yiYGpHBecew,Daechwita,0H4ugk6rhnXmTl47ayy9O5,https://p.scdn.co/mp3-preview/1bb2db86ea1899bbe5588998e907d315d972c5fb?cid=7dd86e387e2e426aa1ef00886bd1a9ef,2020-05-22,['k-rap'],0.65,0.827,-4.014,0.0599,0.0229,0,0.121,0.223,144.995,8,1,225668,0.0
151,3lJqL7my6Z4yiYGpHBecew,What do you think?,3i8GllbdGuwIXaVrlIoE0r,https://p.scdn.co/mp3-preview/5643478011cc1d3148072ea5191e318f89ad25c1?cid=7dd86e387e2e426aa1ef00886bd1a9ef,2020-05-22,['k-rap'],0.739,0.725,-5.741,0.084,0.149,0,0.0793,0.136,118.994,1,1,182172,0.0
152,3lJqL7my6Z4yiYGpHBecew,Strange,4KjASaPtCvRJ4YArYpz6je,https://p.scdn.co/mp3-preview/7e65fbe5e3d265f409f55ef3f9b2c0d37c54d206?cid=7dd86e387e2e426aa1ef00886bd1a9ef,2020-05-22,['k-rap'],0.627,0.662,-8.121,0.203,0.00236,0,0.157,0.207,90.008,7,1,196529,0.0
153,3lJqL7my6Z4yiYGpHBecew,28,4bTID1qPjca9WuTZGkGRKE,https://p.scdn.co/mp3-preview/b55c1c1a831b6a3ec8055862bbebbff21c53fd45?cid=7dd86e387e2e426aa1ef00886bd1a9ef,2020-05-22,['k-rap'],0.679,0.645,-7.107,0.0513,0.0897,0,0.121,0.349,119.934,9,0,133673,0.0
154,3lJqL7my6Z4yiYGpHBecew,Burn It,0x25VdiFOIBl1epNer9L3w,https://p.scdn.co/mp3-preview/e408e13ed3523cd74dfee6c87f3a3fe28cdf4447?cid=7dd86e387e2e426aa1ef00886bd1a9ef,2020-05-22,['k-rap'],0.658,0.776,-7.088,0.0493,0.012,2.1e-06,0.272,0.336,114.044,6,0,192107,0.0
155,3lJqL7my6Z4yiYGpHBecew,People,0SJ7vFES0Lj6pnumh3DhCe,https://p.scdn.co/mp3-preview/12ae4d9731eea50f92f582f2b17eddea0d6125e7?cid=7dd86e387e2e426aa1ef00886bd1a9ef,2020-05-22,['k-rap'],0.76,0.682,-6.441,0.0371,0.0616,0,0.118,0.372,120.008,1,1,197001,0.0
156,3lJqL7my6Z4yiYGpHBecew,Dear my friend (feat. Kim Jong Wan of NELL),5qJF3xMbNjsPuqQDRkfUl1,https://p.scdn.co/mp3-preview/f699dbc1279596552275b70754bab60f0a7a0064?cid=7dd86e387e2e426aa1ef00886bd1a9ef,2020-05-22,['k-rap'],0.56,0.735,-6.344,0.0638,0.0181,8.54e-06,0.0571,0.27,148.026,0,1,292079,0.0
157,3lJqL7my6Z4yiYGpHBecew,Crystal Snow,6NbfFVZ01Ttvvqmcok8DxL,https://p.scdn.co/mp3-preview/e1679898640694deffec000e7d1dde18a0ee09b7?cid=7dd86e387e2e426aa1ef00886bd1a9ef,2018-04-04,"['k-pop', 'k-pop boy group', 'pop']",0.618,0.766,-4.507,0.0323,0.117,0,0.121,0.448,113.997,3,1,323360,64.0
158,3lJqL7my6Z4yiYGpHBecew,Good Day,2aTDPjGFdyBfc3lKLAAaoI,https://p.scdn.co/mp3-preview/b4dbb47b8a5cc131865a5bff8c83edd5545a780e?cid=7dd86e387e2e426aa1ef00886bd1a9ef,2016-09-07,"['k-pop', 'k-pop boy group', 'pop']",0.611,0.89,-3.711,0.0451,0.0106,0,0.075,0.665,94.956,6,1,267507,53.0
159,3lJqL7my6Z4yiYGpHBecew,Heartbeat (BTS World Original Soundtrack),5EgYDyMDCi8X0zDydTF7Rb,https://p.scdn.co/mp3-preview/b1a1bc3bcadebe216116cdfdec261019b9e3b16e?cid=7dd86e387e2e426aa1ef00886bd1a9ef,2019-06-28,"['k-pop', 'k-pop boy group', 'pop']",0.437,0.716,-4.306,0.05,0.39,0,0.208,0.307,170.094,5,1,253304,2.0
160,3lJqL7my6Z4yiYGpHBecew,Like (Slow Jam Remix),7FrZ7P6NCaBT3yqq7Dc8Mm,https://p.scdn.co/mp3-preview/bd644471d2f2accdc66830bf794ffe690a13b59c?cid=7dd86e387e2e426aa1ef00886bd1a9ef,2014-05-14,"['k-pop', 'k-pop boy group', 'pop']",0.527,0.673,-5.401,0.196,0.334,0,0.159,0.657,99.606,0,0,232692,0.0
161,3lJqL7my6Z4yiYGpHBecew,Stay Gold,3Ys2PYl1wyPKQIwyqhP9cQ,https://p.scdn.co/mp3-preview/e41eff4f6fdc620aa09ed44074061aa8804987da?cid=7dd86e387e2e426aa1ef00886bd1a9ef,2020-07-14,"['k-pop', 'k-pop boy group', 'pop']",0.723,0.634,-5.415,0.0542,0.0892,0,0.0787,0.582,129.017,1,1,243267,64.0
162,3lJqL7my6Z4yiYGpHBecew,Lights,3TDUktzfYXMWjkWqwoT5F1,https://p.scdn.co/mp3-preview/bb7396f39de3c109533d3e407083548b16bda7a8?cid=7dd86e387e2e426aa1ef00886bd1a9ef,2020-07-14,"['k-pop', 'k-pop boy group', 'pop']",0.608,0.644,-5.588,0.0314,0.156,0,0.124,0.431,99.005,5,1,292853,61.0
163,3lJqL7my6Z4yiYGpHBecew,Sweet Night,39EXZNMxb4RBHlRjnRaOKp,https://p.scdn.co/mp3-preview/68db8c6b64bf78229a04e5b5871dbc157beab958?cid=7dd86e387e2e426aa1ef00886bd1a9ef,2020-03-13,"['j-division', 'korean ost']",0.462,0.339,-7.943,0.025,0.495,8.15e-06,0.0893,0.149,92.106,3,1,214259,3.0
164,3lJqL7my6Z4yiYGpHBecew,Who (feat. BTS),2qG81jL9UIP54uS8gYyP4k,https://p.scdn.co/mp3-preview/09f59a6232acaecd25484e8bfe3ac1591562e9b3?cid=7dd86e387e2e426aa1ef00886bd1a9ef,2020-03-06,['pop'],0.632,0.339,-7.983,0.0337,0.546,0,0.104,0.0969,141.642,11,0,180413,1.0
165,3lJqL7my6Z4yiYGpHBecew,Run (Ballad Mix),62DeqSXWw36b1jzGWozXFq,https://p.scdn.co/mp3-preview/cdefdb368b7442ee29cd3aa5d1f020313e440dd9?cid=7dd86e387e2e426aa1ef00886bd1a9ef,2016-05-02,"['k-pop', 'k-pop boy group', 'pop']",0.568,0.774,-3.188,0.036,0.0309,0,0.379,0.595,128.013,6,0,257000,0.0
166,3lJqL7my6Z4yiYGpHBecew,Dis-ease,54DmTIv86D3sYdiawjULQ0,https://p.scdn.co/mp3-preview/706f469bf578ee27c5922e90bdc4d26aa8142ca9?cid=7dd86e387e2e426aa1ef00886bd1a9ef,2020-11-20,"['k-pop', 'k-pop boy group', 'pop']",0.731,0.845,-5.352,0.132,0.0132,0,0.0782,0.484,101.085,8,1,239722,0.0
167,3lJqL7my6Z4yiYGpHBecew,Fly To My Room,3QH8rQGNFX8VLbCgZ7uPTS,https://p.scdn.co/mp3-preview/df70b5364f976b9c821b8c082848c0035cf7a240?cid=7dd86e387e2e426aa1ef00886bd1a9ef,2020-11-20,"['k-pop', 'k-pop boy group', 'pop']",0.764,0.526,-7.355,0.212,0.0484,0,0.0718,0.588,114.91,11,1,222243,0.0
168,3lJqL7my6Z4yiYGpHBecew,Telepathy,2FVpOsjT1iquZ3SpCjZ9Ne,https://p.scdn.co/mp3-preview/1671818397cb4a869ce3f73ea30a1089157e67ea?cid=7dd86e387e2e426aa1ef00886bd1a9ef,2020-11-20,"['k-pop', 'k-pop boy group', 'pop']",0.787,0.669,-4.333,0.0428,0.00782,0,0.123,0.57,104.994,5,0,202313,0.0
169,3lJqL7my6Z4yiYGpHBecew,Life Goes On,249gnXrbfmV8NG6jTEMSwD,https://p.scdn.co/mp3-preview/fd53b34cdf00c5cbee869e035a7438e699c016c7?cid=7dd86e387e2e426aa1ef00886bd1a9ef,2020-11-20,"['k-pop', 'k-pop boy group', 'pop']",0.566,0.716,-5.733,0.0424,0.00691,0,0.37,0.45,81.068,1,1,207481,1.0
170,3lJqL7my6Z4yiYGpHBecew,Blue & Grey,0n2moJpAEWHwaPYYjkzMDl,https://p.scdn.co/mp3-preview/0b1b321778c961a6f9b378f726a91951a8e72c51?cid=7dd86e387e2e426aa1ef00886bd1a9ef,2020-11-20,"['k-pop', 'k-pop boy group', 'pop']",0.547,0.605,-6.755,0.0415,0.42,0,0.125,0.364,121.953,8,1,254950,0.0
171,3lJqL7my6Z4yiYGpHBecew,Dynamite,4saklk6nie3yiGePpBwUoc,https://p.scdn.co/mp3-preview/98e266fea9df84fa3e5ca84934c513211e89489b?cid=7dd86e387e2e426aa1ef00886bd1a9ef,2020-11-20,"['k-pop', 'k-pop boy group', 'pop']",0.746,0.765,-4.41,0.0993,0.0112,0,0.0936,0.737,114.044,6,0,199054,3.0
172,3lJqL7my6Z4yiYGpHBecew,Film out,3UHPGOkUcE4hE7sqBF4Snt,https://p.scdn.co/mp3-preview/d525c180b3a1ddb1474af5b634fdfd94b18a9d5e?cid=7dd86e387e2e426aa1ef00886bd1a9ef,2021-04-01,"['k-pop', 'k-pop boy group', 'pop']",0.499,0.709,-6.404,0.134,0.296,0,0.331,0.314,164.032,10,1,214621,68.0
173,3lJqL7my6Z4yiYGpHBecew,IDOL,03iCbZaM4OkRR4We6wIzvx,https://p.scdn.co/mp3-preview/e33a6c73d34a4ae6438845760ba15e407d541ccf?cid=7dd86e387e2e426aa1ef00886bd1a9ef,2018-08-24,"['k-pop', 'k-pop boy group', 'pop']",0.709,0.857,-3.394,0.0881,0.00219,0,0.103,0.446,126.038,9,1,260234,0.0
174,3lJqL7my6Z4yiYGpHBecew,Dream Glow (BTS World Original Soundtrack) - Pt. 1,4c1WgUnHXq2LEncGHKgj1I,https://p.scdn.co/mp3-preview/8f4582c6961d997870b34f9dcd3f31f9011f5e93?cid=7dd86e387e2e426aa1ef00886bd1a9ef,2019-06-07,"['k-pop', 'k-pop boy group', 'pop']",0.735,0.74,-3.837,0.0519,0.0967,0,0.101,0.541,141.948,0,0,187458,1.0
175,3lJqL7my6Z4yiYGpHBecew,Butter,3VqeTFIvhxu3DIe4eZVzGq,https://p.scdn.co/mp3-preview/4d63fe1638aa41592706f835bd076443b09d8afa?cid=7dd86e387e2e426aa1ef00886bd1a9ef,2021-05-21,"['k-pop', 'k-pop boy group', 'pop']",0.759,0.459,-5.187,0.0948,0.00323,0,0.0906,0.695,109.997,8,1,164442,1.0
176,3lJqL7my6Z4yiYGpHBecew,Butter (Megan Thee Stallion Remix),3JR0ducCexKbeK47g6AHm5,https://p.scdn.co/mp3-preview/6b13d76952505e2885af4393404e74fa2478c803?cid=7dd86e387e2e426aa1ef00886bd1a9ef,2021-08-27,"['k-pop', 'k-pop boy group', 'pop']",0.739,0.588,-4.971,0.136,0.00308,0,0.109,0.774,109.958,8,1,164457,0.0
177,3lJqL7my6Z4yiYGpHBecew,My Universe,3FeVmId7tL5YN8B7R3imoM,https://p.scdn.co/mp3-preview/e6b780d0df7927114477a786b6a638cf40d19579?cid=7dd86e387e2e426aa1ef00886bd1a9ef,2021-09-24,"['permanent wave', 'pop']",0.588,0.701,-6.39,0.0402,0.00813,0,0.2,0.443,104.988,9,1,228000,81.0
178,3lJqL7my6Z4yiYGpHBecew,Stay Alive (Prod. SUGA of BTS),7CAdT0HdiQNlt1C7xk2hep,https://p.scdn.co/mp3-preview/3173cca82b620d3100b2fd31e1675a1c19167abd?cid=7dd86e387e2e426aa1ef00886bd1a9ef,2022-02-11,['k-pop'],0.512,0.76,-5.889,0.0682,0.299,0,0.103,0.495,130.096,2,0,210928,75.0
179,3lJqL7my6Z4yiYGpHBecew,Yours,10IfXtjKQmOiON7tNAHv0y,https://p.scdn.co/mp3-preview/b74d0c6b9efbf27941dd7f24cb9788fde77931c0?cid=7dd86e387e2e426aa1ef00886bd1a9ef,2021-11-07,['k-pop'],0.488,0.427,-7.383,0.0382,0.354,0,0.0797,0.157,72.035,6,1,264840,1.0
180,3lJqL7my6Z4yiYGpHBecew,Tony Montana,2EIxlkSRyejFdD2Rp1Mmza,https://p.scdn.co/mp3-preview/e268e52816774a1e67ba54e96585ef7ca8256bfe?cid=7dd86e387e2e426aa1ef00886bd1a9ef,2016-08-16,['k-rap'],0.609,0.776,-5.837,0.0595,0.00026,1.46e-05,0.105,0.266,116.009,4,1,207874,0.0
181,3lJqL7my6Z4yiYGpHBecew,Intro.,3H3i1F0msbZ30iZMYaQ4rN,https://p.scdn.co/mp3-preview/3b29bbe6e89be2716499c58a52353e3c96a9e156?cid=7dd86e387e2e426aa1ef00886bd1a9ef,2014-12-24,"['k-pop', 'k-pop boy group', 'pop']",0.807,0.903,-3.748,0.311,0.146,0,0.362,0.786,106.568,6,0,75080,46.0
182,3lJqL7my6Z4yiYGpHBecew,Just One Day - Japanese Ver.,5JZbs20da6C4DfsPkyR0X0,https://p.scdn.co/mp3-preview/9f98e01885690dc69ffa918f7f38fef0f1f452fc?cid=7dd86e387e2e426aa1ef00886bd1a9ef,2014-12-24,"['k-pop', 'k-pop boy group', 'pop']",0.526,0.486,-6.321,0.114,0.0931,0,0.0895,0.368,94.875,11,0,333547,41.0
183,3lJqL7my6Z4yiYGpHBecew,Outro.,0KFNlFyyYU3i4JRhNR0V14,https://p.scdn.co/mp3-preview/75f14120064acde94510049d65ca05a6699b2f9d?cid=7dd86e387e2e426aa1ef00886bd1a9ef,2014-12-24,"['k-pop', 'k-pop boy group', 'pop']",0.679,0.7,-5.724,0.079,0.696,1.67e-05,0.209,0.786,96.059,2,1,96493,44.0
184,3lJqL7my6Z4yiYGpHBecew,With you,2gzhQaCTeNgxpeB2TPllyY,https://p.scdn.co/mp3-preview/5ccf6122ac0a3bc32a3cb198e7b13ff6c35a7a12?cid=7dd86e387e2e426aa1ef00886bd1a9ef,2022-04-24,['k-pop'],0.532,0.426,-6.117,0.0288,0.639,0,0.134,0.137,149.898,3,1,201905,73.0
185,3lJqL7my6Z4yiYGpHBecew,That That (prod. & feat. SUGA of BTS),5oH4DQAuu1J1800RzUsBWa,https://p.scdn.co/mp3-preview/8f40a7c34777e933433e94e227d453e1bbbba295?cid=7dd86e387e2e426aa1ef00886bd1a9ef,2022-04-29,"['k-rap', 'korean old school hip hop']",0.905,0.962,-3.197,0.0856,0.0299,0,0.0272,0.906,129.969,4,1,174647,2.0
186,3lJqL7my6Z4yiYGpHBecew,Born Singer,1IthE5GNiRzFN5CVaCa445,https://p.scdn.co/mp3-preview/ed6b39048436eed9b1fee17f17d412d8c9c56f56?cid=7dd86e387e2e426aa1ef00886bd1a9ef,2022-06-10,"['k-pop', 'k-pop boy group', 'pop']",0.602,0.841,-3.334,0.109,0.0354,0,0.235,0.684,157.937,8,0,238628,68.0
187,3lJqL7my6Z4yiYGpHBecew,Yet To Come,10SRMwb9EuVS1K9rYsBfHQ,https://p.scdn.co/mp3-preview/4cf5bfb6edab3acf59f370972492b813e2b07d60?cid=7dd86e387e2e426aa1ef00886bd1a9ef,2022-06-10,"['k-pop', 'k-pop boy group', 'pop']",0.559,0.885,-4.515,0.189,0.0432,0,0.333,0.683,172.029,1,1,193594,74.0
188,3lJqL7my6Z4yiYGpHBecew,Run BTS,69xohKu8C1fsflYAiSNbwM,https://p.scdn.co/mp3-preview/abc4f797c5378fe6f4d664af3032c3d17e3a935f?cid=7dd86e387e2e426aa1ef00886bd1a9ef,2022-06-10,"['k-pop', 'k-pop boy group', 'pop']",0.724,0.818,-3.747,0.168,0.0201,0,0.0358,0.696,77.004,8,1,204940,81.0
189,3lJqL7my6Z4yiYGpHBecew,For Youth,4JzCFEc3O2UEdjKzevvFH5,https://p.scdn.co/mp3-preview/7771cbed73e582f56c518a65d3aa4722d50c6912?cid=7dd86e387e2e426aa1ef00886bd1a9ef,2022-06-10,"['k-pop', 'k-pop boy group', 'pop']",0.633,0.511,-5.665,0.0368,0.434,0,0.248,0.29,116.855,2,1,264481,71.0
190,3lJqL7my6Z4yiYGpHBecew,Pandora's Box,2On611HXKQAbaYkuc4NQAm,https://p.scdn.co/mp3-preview/56208f81d9ae7d956f21da363c5c57761a926d55?cid=7dd86e387e2e426aa1ef00886bd1a9ef,2022-07-15,"['k-pop', 'k-rap']",0.785,0.807,-3.877,0.178,0.198,0,0.326,0.228,96.981,0,1,156292,63.0
191,3lJqL7my6Z4yiYGpHBecew,MORE,7GARzfC1mwhDuk4t9WOACq,https://p.scdn.co/mp3-preview/dd566d14a82357b76e70eadb32a8d8c5113404a2?cid=7dd86e387e2e426aa1ef00886bd1a9ef,2022-07-15,"['k-pop', 'k-rap']",0.783,0.722,-4.864,0.0357,0.00537,0.00209,0.105,0.306,97.031,2,1,180022,75.0
192,3lJqL7my6Z4yiYGpHBecew,STOP,1XIIvx9S19CZVc7eow7EX7,https://p.scdn.co/mp3-preview/ddc9afb50d35b5dda4c1b5f849c04b1a07dbf6df?cid=7dd86e387e2e426aa1ef00886bd1a9ef,2022-07-15,"['k-pop', 'k-rap']",0.881,0.826,-5.111,0.157,0.0897,0.366,0.101,0.796,99.98,4,1,122212,62.0
193,3lJqL7my6Z4yiYGpHBecew,= (Equal Sign),70XnKsO3UnIT4FnEwChQXx,https://p.scdn.co/mp3-preview/257b58fdbb61400472319271f9c5c4dd89687e42?cid=7dd86e387e2e426aa1ef00886bd1a9ef,2022-07-15,"['k-pop', 'k-rap']",0.673,0.75,-5.831,0.0655,0.0155,5.44e-06,0.348,0.708,105.848,9,1,114477,70.0
194,3lJqL7my6Z4yiYGpHBecew,Music Box : Reflection,0PJSXtjkdTjJzZAMyNus02,https://p.scdn.co/mp3-preview/0ceb53675fe6d6e2ccee61791624f76021e7034c?cid=7dd86e387e2e426aa1ef00886bd1a9ef,2022-07-15,"['k-pop', 'k-rap']",0.75,0.708,-8.211,0.0724,0.0532,0.78,0.0974,0.116,87.996,8,1,70546,60.0
195,3lJqL7my6Z4yiYGpHBecew,What if…,1fNwwml8UcKvhfM6YEVIRh,https://p.scdn.co/mp3-preview/e7ea7041248db3e62200ba1e40b1cd3f69fff70a?cid=7dd86e387e2e426aa1ef00886bd1a9ef,2022-07-15,"['k-pop', 'k-rap']",0.694,0.75,-4.16,0.0338,0.00421,0.000553,0.0683,0.184,96.654,0,1,136064,62.0
196,3lJqL7my6Z4yiYGpHBecew,Safety Zone,00I41xsW6SunZDJ5fB8KAd,https://p.scdn.co/mp3-preview/de8405a1a05e5e55c436b3a7050b998fc6ec3ad0?cid=7dd86e387e2e426aa1ef00886bd1a9ef,2022-07-15,"['k-pop', 'k-rap']",0.676,0.742,-5.017,0.162,0.561,0,0.155,0.694,77.071,8,1,165340,63.0
197,3lJqL7my6Z4yiYGpHBecew,Future,0Puudh380z6cOCgMaTNm7h,https://p.scdn.co/mp3-preview/cccb83e80540814f4a7a632dd22172979dddc238?cid=7dd86e387e2e426aa1ef00886bd1a9ef,2022-07-15,"['k-pop', 'k-rap']",0.717,0.822,-5.249,0.0879,0.0652,0,0.36,0.764,102.042,6,1,139308,64.0
198,3lJqL7my6Z4yiYGpHBecew,Arson,2QWEMqQMJR1KDf6hDjJOs6,https://p.scdn.co/mp3-preview/928430237c46db47839af3a921c5eed379f2443c?cid=7dd86e387e2e426aa1ef00886bd1a9ef,2022-07-15,"['k-pop', 'k-rap']",0.938,0.798,-3.998,0.103,0.00813,7.03e-05,0.146,0.265,99.992,1,1,159762,74.0
199,3lJqL7my6Z4yiYGpHBecew,Blue Side,1nwdfbj4UyRMpa9L98a4Yi,https://p.scdn.co/mp3-preview/b6f0284b387069978051bf674024bad52408bcb3?cid=7dd86e387e2e426aa1ef00886bd1a9ef,2021-03-02,"['k-pop', 'k-rap']",0.469,0.706,-7.441,0.0368,0.000963,0.449,0.35,0.28,161.002,0,1,198601,64.0
200,3lJqL7my6Z4yiYGpHBecew,Rush Hour (Feat. j-hope of BTS),5aucVLKiumD89mxVCB4zvS,https://p.scdn.co/mp3-preview/bd0e813d6dadd60d42a1f68ff5490da29f170285?cid=7dd86e387e2e426aa1ef00886bd1a9ef,2022-09-22,"['k-pop', 'korean r&b']",0.738,0.714,-5.235,0.249,0.157,0,0.31,0.74,95.035,0,1,177303,68.0
201,3lJqL7my6Z4yiYGpHBecew,Tonight,2P6PLe4ojigLUp4CWMkcAI,https://p.scdn.co/mp3-preview/272d500f407dd5d3f4a76a2bec73aa97ad91330f?cid=7dd86e387e2e426aa1ef00886bd1a9ef,2019-06-05,['k-pop'],0.603,0.418,-7.431,0.0441,0.673,0,0.132,0.346,77.457,11,1,178806,70.0
202,3lJqL7my6Z4yiYGpHBecew,Abyss,40BomFCBuJok3OjxM9oG7e,https://p.scdn.co/mp3-preview/3159ef18102fcf610dbfd36a0f184f550949f22c?cid=7dd86e387e2e426aa1ef00886bd1a9ef,2020-12-03,['k-pop'],0.434,0.506,-5.359,0.0317,0.535,0,0.163,0.346,143.776,0,1,155108,73.0
203,3lJqL7my6Z4yiYGpHBecew,Dreamers [Music from the FIFA World Cup Qatar 2022 Official Soundtrack],1RDvyOk4WtPCtoqciJwVn8,https://p.scdn.co/mp3-preview/532a0f6319ecc4252bb6b3b21f33ef8a4792acf3?cid=7dd86e387e2e426aa1ef00886bd1a9ef,2022-11-20,['k-pop'],0.71,0.879,-4.218,0.0422,0.158,0.00142,0.439,0.341,114.993,0,1,201391,65.0
204,3lJqL7my6Z4yiYGpHBecew,uhgood,5vI1exL3zFhqFWDSL9fq5H,https://p.scdn.co/mp3-preview/bdfeb0cb2dadb49ef561f1d5f7a706634c17e36e?cid=7dd86e387e2e426aa1ef00886bd1a9ef,2018-10-22,['k-rap'],0.531,0.56,-6.827,0.0566,0.00135,0.016,0.131,0.0942,85.863,0,1,194384,0.0
205,3lJqL7my6Z4yiYGpHBecew,Bicycle,5zvLKLuTQvN8BzdQtOSBd3,https://p.scdn.co/mp3-preview/c959f8d762a9b6b8324b008c0a54550bcae02ae9?cid=7dd86e387e2e426aa1ef00886bd1a9ef,2021-06-07,['k-rap'],0.61,0.702,-5.806,0.0451,0.0399,0.00287,0.29,0.513,91.035,7,1,205956,60.0
206,3lJqL7my6Z4yiYGpHBecew,Yun (with Erykah Badu),40xpKrnumGPEvHcw1kuL9R,https://p.scdn.co/mp3-preview/f4318208cc2c632a1361288d9fce8725e5d7b316?cid=7dd86e387e2e426aa1ef00886bd1a9ef,2022-12-02,['k-rap'],0.476,0.7,-5.569,0.276,0.429,0,0.157,0.625,85.114,0,0,233688,0.0
207,3lJqL7my6Z4yiYGpHBecew,Still Life (with Anderson .Paak),12hD59WtTU92K1VcCXqLlw,https://p.scdn.co/mp3-preview/2fad914bc2aa35d5838ae452f7e6b32eda2eede6?cid=7dd86e387e2e426aa1ef00886bd1a9ef,2022-12-02,['k-rap'],0.831,0.721,-5.447,0.164,0.277,0,0.0403,0.443,124.007,11,0,175329,0.0
208,3lJqL7my6Z4yiYGpHBecew,All Day (with Tablo),40SuiVcQ5NyDk48nZSADK3,https://p.scdn.co/mp3-preview/340ff5fb6143e3c5b8b887fba3644dfe6976feb0?cid=7dd86e387e2e426aa1ef00886bd1a9ef,2022-12-02,['k-rap'],0.756,0.692,-4.434,0.122,0.103,0,0.283,0.553,115.067,8,1,186186,0.0
209,3lJqL7my6Z4yiYGpHBecew,"Closer (with Paul Blanco, Mahalia)",5AmBIWCnsLscPSYsfCApBy,https://p.scdn.co/mp3-preview/8fa91771bd9201a00873ec29c303607ae8588535?cid=7dd86e387e2e426aa1ef00886bd1a9ef,2022-12-02,['k-rap'],0.507,0.706,-6.395,0.173,0.459,2.37e-06,0.163,0.403,92.828,8,1,196508,0.0
210,3lJqL7my6Z4yiYGpHBecew,Lonely,50y0OQgar3BnwTt1pXdYsM,https://p.scdn.co/mp3-preview/b721422bf061911d8470039a4f894b0dcd13f2c6?cid=7dd86e387e2e426aa1ef00886bd1a9ef,2022-12-02,['k-rap'],0.786,0.583,-7.471,0.0371,0.168,0.000118,0.0828,0.674,114.487,11,0,166021,0.0
211,3lJqL7my6Z4yiYGpHBecew,Hectic (with Colde),3wEr5lmE7oaC3qhCbJTY8B,https://p.scdn.co/mp3-preview/f7f7135daca8e90b2ce7f4884a24524a5de35fb9?cid=7dd86e387e2e426aa1ef00886bd1a9ef,2022-12-02,['k-rap'],0.695,0.735,-6.352,0.0473,0.0189,7.8e-05,0.213,0.366,109.999,1,0,226190,0.0
212,3lJqL7my6Z4yiYGpHBecew,Wild Flower (with youjeen),5p8ThxM2OhJ0igfxkz0Z1q,https://p.scdn.co/mp3-preview/e853db1fa6bd4c511cf960e920fa72ae24f9802e?cid=7dd86e387e2e426aa1ef00886bd1a9ef,2022-12-02,['k-rap'],0.486,0.766,-5.821,0.0938,0.0282,0,0.123,0.417,154.992,8,1,273500,1.0
213,3lJqL7my6Z4yiYGpHBecew,No.2 (with parkjiyoon),5ky45fGKbzGYilDewlBD6Z,https://p.scdn.co/mp3-preview/4ecd31f1f7f8aacf0a52c36c60ce337d59cffb2c?cid=7dd86e387e2e426aa1ef00886bd1a9ef,2022-12-02,['k-rap'],0.727,0.619,-8.399,0.0808,0.599,0,0.0801,0.549,94.001,4,1,193964,0.0
214,3lJqL7my6Z4yiYGpHBecew,So Far Away,6iFsAGMsGLvLesAhzTcRpl,https://p.scdn.co/mp3-preview/e9da696a8aeb1dc054246592885e2569869a7a72?cid=7dd86e387e2e426aa1ef00886bd1a9ef,2016-08-16,['k-rap'],0.482,0.828,-4.501,0.104,0.0093,0,0.325,0.274,93.892,11,0,358271,1.0
215,3lJqL7my6Z4yiYGpHBecew,tokyo,4dF0mDPTlpjThf1mJyK83B,https://p.scdn.co/mp3-preview/2977c816e92120491ad687c4805ecdf3ed374088?cid=7dd86e387e2e426aa1ef00886bd1a9ef,2018-10-22,['k-rap'],0.447,0.263,-13.754,0.0342,0.828,0.0049,0.118,0.0721,147.161,5,0,208937,0.0
216,3lJqL7my6Z4yiYGpHBecew,everythingoes,7DKYA93lgKbhxzqE2ojtCS,https://p.scdn.co/mp3-preview/faaeca209980c966a9f0a92dac081f177ee6ec41?cid=7dd86e387e2e426aa1ef00886bd1a9ef,2018-10-22,['k-rap'],0.467,0.722,-5.819,0.0303,0.143,2.91e-06,0.128,0.14,92.014,5,1,222494,0.0
217,3lJqL7my6Z4yiYGpHBecew,forever rain,5fCDWDX2Kv9jc1s7nZfzOi,https://p.scdn.co/mp3-preview/9efef927fa89af25f1908a3167f6994086763e46?cid=7dd86e387e2e426aa1ef00886bd1a9ef,2018-10-22,['k-rap'],0.389,0.591,-8.437,0.0622,0.0307,6.53e-05,0.392,0.252,138.902,7,1,271806,0.0
218,3lJqL7my6Z4yiYGpHBecew,First Love,3TVWi92dWPMVcKpXvX32UX,https://p.scdn.co/mp3-preview/69a0455fe6d79a93ab62788937c88fd3f418dd33?cid=7dd86e387e2e426aa1ef00886bd1a9ef,2016-10-10,"['k-pop', 'k-pop boy group', 'pop']",0.517,0.741,-5.997,0.323,0.362,0,0.164,0.672,86.526,8,0,189795,0.0
219,3lJqL7my6Z4yiYGpHBecew,WINTER FLOWER(Feat.RM),4Eefey3uN90Abhbr47zKmC,https://p.scdn.co/mp3-preview/8326366ec3285423dd408264ae1b5d03781bc947?cid=7dd86e387e2e426aa1ef00886bd1a9ef,2020-01-06,['korean pop'],0.564,0.796,-3.698,0.0737,0.118,0,0.0938,0.241,95.946,0,1,221133,62.0
220,3lJqL7my6Z4yiYGpHBecew,VIBE (feat. Jimin of BTS),61AZsmFB3VoJdmraMk5ZSn,https://p.scdn.co/mp3-preview/caf5eae4a11915e40f8eed82ae768008ee8e9e5c?cid=7dd86e387e2e426aa1ef00886bd1a9ef,2023-01-13,"['k-pop', 'korean r&b']",0.78,0.683,-5.319,0.0575,0.0801,0,0.22,0.608,100.049,0,1,175776,65.0
221,3lJqL7my6Z4yiYGpHBecew,U (Feat. Kwon Jin Ah & Rap Monster),5LlgJFQLF4uXmt1nCtdyTJ,https://p.scdn.co/mp3-preview/e66cca74dd513b3a8dad652d0fbe3a00710471df?cid=7dd86e387e2e426aa1ef00886bd1a9ef,2015-08-12,"['k-indie', 'k-rap', 'korean city pop']",0.462,0.658,-8.679,0.204,0.374,0.00151,0.167,0.605,116.987,0,1,255011,49.0
222,3lJqL7my6Z4yiYGpHBecew,Your eyes tell,3TZ7NHkMT82AhwuYsd00Hz,https://p.scdn.co/mp3-preview/6c3fd0ca199ec9aa2516f187add44ff50654fb51?cid=7dd86e387e2e426aa1ef00886bd1a9ef,2020-07-14,"['k-pop', 'k-pop boy group', 'pop']",0.449,0.491,-6.433,0.029,0.279,0,0.0654,0.258,139.923,9,0,245147,65.0
223,3lJqL7my6Z4yiYGpHBecew,on the street (with J. Cole),5wxYxygyHpbgv0EXZuqb9V,https://p.scdn.co/mp3-preview/c69cf6ed41027bd08a5953b556cca144ff8ed2bf?cid=7dd86e387e2e426aa1ef00886bd1a9ef,2023-03-03,"['k-pop', 'k-rap']",0.681,0.821,-5.12,0.131,0.532,0.00111,0.0921,0.813,94.074,11,0,214701,78.0
224,3lJqL7my6Z4yiYGpHBecew,Promise,2RUcwyW74Sv4VracHFrKdh,https://p.scdn.co/mp3-preview/8841882d3d63f67e435c20423149bd04ebc91724?cid=7dd86e387e2e426aa1ef00886bd1a9ef,2018-12-31,['k-pop'],0.692,0.534,-7.155,0.0433,0.83,5.57e-06,0.238,0.739,88.964,2,1,151011,74.0
225,3lJqL7my6Z4yiYGpHBecew,Christmas Love,5oaQsszgxYAdABuXoWEOUe,https://p.scdn.co/mp3-preview/01713764a31a8b9ca40fd985216cb410ca97f1ac?cid=7dd86e387e2e426aa1ef00886bd1a9ef,2020-12-24,['k-pop'],0.608,0.753,-5.333,0.0289,0.0948,0,0.0957,0.622,99.978,7,1,197931,68.0
226,3lJqL7my6Z4yiYGpHBecew,Intro: 2 Cool 4 Skool,1UlnDZ5ubsSX3xrXu063dZ,https://p.scdn.co/mp3-preview/84cd356460abd622520c5a2a6634465e9de98ee1?cid=7dd86e387e2e426aa1ef00886bd1a9ef,2013-06-12,"['k-pop', 'k-pop boy group', 'pop']",0.894,0.835,-6.249,0.245,0.179,0.266,0.179,0.532,94.871,8,1,63787,56.0
227,3lJqL7my6Z4yiYGpHBecew,Smoke Sprite (feat. RM of BTS),5YSkDxmHvzSDWTu4MaEtfa,https://p.scdn.co/mp3-preview/7e19daa9e7a96ba99adf541c42734725474dd01e?cid=7dd86e387e2e426aa1ef00886bd1a9ef,2023-03-14,['korean indie rock'],0.608,0.692,-3.182,0.0441,0.151,0,0.173,0.569,131.972,9,0,242200,70.0
228,3lJqL7my6Z4yiYGpHBecew,Face-off,3OdIiWnYRHPYtC313Z0Bwy,https://p.scdn.co/mp3-preview/31c1250ee72e9730d3394d30d93aae0b3092eed6?cid=7dd86e387e2e426aa1ef00886bd1a9ef,2023-03-24,['k-pop'],0.689,0.539,-7.671,0.048,0.178,1.45e-05,0.106,0.239,119.949,2,0,229627,78.0
229,3lJqL7my6Z4yiYGpHBecew,Like Crazy,3Ua0m0YmEjrMi9XErKcNiR,https://p.scdn.co/mp3-preview/2db5f36096963d97afc870c50990d62d27858a43?cid=7dd86e387e2e426aa1ef00886bd1a9ef,2023-03-24,['k-pop'],0.629,0.733,-5.445,0.0419,0.0025,0,0.357,0.362,120.001,7,1,212241,92.0
230,3lJqL7my6Z4yiYGpHBecew,Alone,5Hfnps0jaWFpYg55WOPexG,https://p.scdn.co/mp3-preview/7543fa1f7dfc7fe3a2d7cec64e2d75d617d87421?cid=7dd86e387e2e426aa1ef00886bd1a9ef,2023-03-24,['k-pop'],0.593,0.446,-7.776,0.0266,0.283,0,0.119,0.168,102.057,0,0,211251,78.0
231,3lJqL7my6Z4yiYGpHBecew,Set Me Free Pt.2,1fpj1CJPxY3YvN3AMAEYvt,https://p.scdn.co/mp3-preview/275a3a0843bb55c251cda45ef17a905dab31624c?cid=7dd86e387e2e426aa1ef00886bd1a9ef,2023-03-24,['k-pop'],0.585,0.815,-4.165,0.0565,0.115,0,0.124,0.564,132.09,0,0,200930,76.0
232,3lJqL7my6Z4yiYGpHBecew,Like Crazy (UK Garage Remix),5tDxLjAnkojfnXnjOk6mvh,https://p.scdn.co/mp3-preview/4787ab7cb8b240039b2793a9f66fa905c155fd8b?cid=7dd86e387e2e426aa1ef00886bd1a9ef,2023-03-26,['k-pop'],0.604,0.763,-5.22,0.0505,0.0899,6.82e-06,0.129,0.198,122.018,2,0,210396,66.0
233,3lJqL7my6Z4yiYGpHBecew,Agust D,6AknCCsxOsrJ2mkSdCtET1,https://p.scdn.co/mp3-preview/ffc15c67b9100416d6c0f144c2399d9c7296797c?cid=7dd86e387e2e426aa1ef00886bd1a9ef,2016-08-16,['k-rap'],0.499,0.984,-2.148,0.309,0.0245,0,0.0455,0.592,79.987,10,0,234082,68.0
234,3lJqL7my6Z4yiYGpHBecew,SUGA's Interlude,1ZoQVu9XBssJBdeKMgF2eV,https://p.scdn.co/mp3-preview/665a65db640b910083ae235f4529f51f5ad2a370?cid=7dd86e387e2e426aa1ef00886bd1a9ef,2020-01-17,"['electropop', 'etherpop', 'indie poptimism', 'pop']",0.55,0.732,-6.88,0.105,0.0864,0,0.0425,0.246,153.836,0,1,138205,62.0
235,3lJqL7my6Z4yiYGpHBecew,D-Day,22W6wI4hDTjMAYKKBQW9dU,https://p.scdn.co/mp3-preview/e07daa4fb6353a95f8cf92b80184b2f527eb96a8?cid=7dd86e387e2e426aa1ef00886bd1a9ef,2023-04-21,['k-rap'],0.59,0.878,-3.199,0.266,0.294,0,0.0959,0.699,139.934,4,0,211373,72.0
236,3lJqL7my6Z4yiYGpHBecew,Haegeum,4bjN59DRXFRxBE1g5ne6B1,https://p.scdn.co/mp3-preview/3c2f1894de0f6a51f557131c3eb275cb8bc80831?cid=7dd86e387e2e426aa1ef00886bd1a9ef,2023-04-21,['k-rap'],0.697,0.837,-2.651,0.304,0.313,0,0.471,0.831,85.097,7,1,168927,84.0
237,3lJqL7my6Z4yiYGpHBecew,HUH?! (feat. j-hope),6XrPzwKeGzEvtan3acn7VH,https://p.scdn.co/mp3-preview/a9aea0a2ac0fe768b092fb1d1ac57d645fbcd4fd?cid=7dd86e387e2e426aa1ef00886bd1a9ef,2023-04-21,['k-rap'],0.763,0.806,-2.785,0.302,0.207,0,0.229,0.522,139.911,9,1,183290,69.0
238,3lJqL7my6Z4yiYGpHBecew,AMYGDALA,5fj32MKLHkut2Vod1UodcU,https://p.scdn.co/mp3-preview/6234ede8f71e3b8dd33f6abcf5647617bfd7a2a9?cid=7dd86e387e2e426aa1ef00886bd1a9ef,2023-04-21,['k-rap'],0.311,0.769,-4.637,0.0553,0.226,0,0.105,0.16,78.265,7,1,251533,71.0
239,3lJqL7my6Z4yiYGpHBecew,SDL,2vRoAkwc3UBEPW2udvN0u9,https://p.scdn.co/mp3-preview/008fa7605bb7ea7b998071c24707a7f682dc7234?cid=7dd86e387e2e426aa1ef00886bd1a9ef,2023-04-21,['k-rap'],0.575,0.854,-2.62,0.214,0.2,0,0.226,0.609,164.029,9,1,171443,68.0
240,3lJqL7my6Z4yiYGpHBecew,Polar Night,3JSodIIStqTwXSH7nXOuhe,https://p.scdn.co/mp3-preview/cabca1b65209a7d5f0134a49755bc3d67b06ebdf?cid=7dd86e387e2e426aa1ef00886bd1a9ef,2023-04-21,['k-rap'],0.68,0.877,-4.224,0.223,0.137,0,0.34,0.906,128.045,6,0,165320,66.0
241,3lJqL7my6Z4yiYGpHBecew,Interlude : Dawn,56tf3cHQkwmvoplotk5QXd,https://p.scdn.co/mp3-preview/888db70736d253572082441f9eda9c42c33d81fb?cid=7dd86e387e2e426aa1ef00886bd1a9ef,2023-04-21,['k-rap'],0.188,0.309,-10.564,0.0287,0.898,0.771,0.0621,0.0677,90.687,5,0,105140,75.0
242,3lJqL7my6Z4yiYGpHBecew,"Snooze (feat. Ryuichi Sakamoto, WOOSUNG of The Rose)",4j3M8NrbGSXdMPwEVsnfHE,https://p.scdn.co/mp3-preview/64ba25015deee4fe4663cf7fefcea085eed77970?cid=7dd86e387e2e426aa1ef00886bd1a9ef,2023-04-21,['k-rap'],0.761,0.777,-4.68,0.0941,0.21,0,0.0771,0.377,89.959,5,0,264761,70.0
243,3lJqL7my6Z4yiYGpHBecew,Life Goes On,7gv3UYPh05ZDP7Io5BIsn7,https://p.scdn.co/mp3-preview/09cbef13c82f4efca1bc3aa5e45f17b06059f66a?cid=7dd86e387e2e426aa1ef00886bd1a9ef,2023-04-21,['k-rap'],0.439,0.733,-6.471,0.0773,0.0345,0,0.292,0.615,162.125,4,1,197639,70.0
244,3lJqL7my6Z4yiYGpHBecew,People Pt.2 (feat. IU),41JPN7pZMTp1sumBOHOzHd,https://p.scdn.co/mp3-preview/c08aa5fda6a67991fd99c62bd987e02f601f68bc?cid=7dd86e387e2e426aa1ef00886bd1a9ef,2023-04-21,['k-rap'],0.729,0.574,-4.779,0.0589,0.391,0,0.319,0.438,88.94,7,0,213995,73.0
245,3lJqL7my6Z4yiYGpHBecew,Honsool,5Ncjypx5upZS5ZZTaqUzIf,https://p.scdn.co/mp3-preview/da9ef5d4e32a793304e73f25d8261b63ff556b4f?cid=7dd86e387e2e426aa1ef00886bd1a9ef,2020-05-22,['k-rap'],0.478,0.574,-8.886,0.0606,0.00036,0.00719,0.157,0.187,71.984,1,1,219809,0.0
246,3lJqL7my6Z4yiYGpHBecew,Don't ever say love me (feat. RM of BTS),34o6gteNy2T5rieA0xYAgo,https://p.scdn.co/mp3-preview/c59b804f5959bdb76a78cb8d02a48a89f8c31469?cid=7dd86e387e2e426aa1ef00886bd1a9ef,2023-05-04,['korean r&b'],0.543,0.475,-6.502,0.0541,0.355,0,0.366,0.187,145.115,11,0,214920,67.0
247,3lJqL7my6Z4yiYGpHBecew,The Planet,4IJsVXbSeGPUrgwpVoHmlg,https://p.scdn.co/mp3-preview/aac1aa2e8428b543912266d835942df50c715678?cid=7dd86e387e2e426aa1ef00886bd1a9ef,2023-05-12,"['k-pop', 'k-pop boy group', 'pop']",0.665,0.848,-3.619,0.0708,0.000482,0,0.2,0.687,119.986,0,1,178156,68.0
248,3lJqL7my6Z4yiYGpHBecew,Permission to Dance,43Y0lr2rcWirZysfT26JY5,https://p.scdn.co/mp3-preview/d4eb140d131417cc1526bb791f0383eef18cf6da?cid=7dd86e387e2e426aa1ef00886bd1a9ef,2021-07-09,"['k-pop', 'k-pop boy group', 'pop']",0.702,0.741,-5.33,0.0427,0.00544,0,0.337,0.646,124.925,9,1,187585,48.0
249,3lJqL7my6Z4yiYGpHBecew,Gajah (Feat. RM),6KboccKS3L0feiVQST88Ag,https://p.scdn.co/mp3-preview/6556a4e0e2c06ad21b760d6f253b97611598fd75?cid=7dd86e387e2e426aa1ef00886bd1a9ef,2017-04-05,"['k-rap', 'korean r&b']",0.543,0.774,-5.798,0.308,0.171,0,0.13,0.556,92.957,10,0,256425,47.0
250,3lJqL7my6Z4yiYGpHBecew,Take Two,5IAESfJjmOYu7cHyX557kz,https://p.scdn.co/mp3-preview/ef43da30a06fcad16898e9fff1cadd0ccf953fc9?cid=7dd86e387e2e426aa1ef00886bd1a9ef,2023-06-09,"['k-pop', 'k-pop boy group', 'pop']",0.617,0.589,-5.978,0.0345,0.0268,0,0.378,0.566,92.991,7,1,229953,81.0
251,3lJqL7my6Z4yiYGpHBecew,The Astronaut,0h7QMc9ZRzA9QJrbEHytn2,https://p.scdn.co/mp3-preview/7b72aa57bead2ef8a9360452fc7f2208ff4fa006?cid=7dd86e387e2e426aa1ef00886bd1a9ef,2022-10-28,['k-pop'],0.54,0.761,-5.356,0.0311,0.00446,2.5e-06,0.137,0.215,124.988,5,1,282463,86.0
252,3lJqL7my6Z4yiYGpHBecew,"Angel Pt. 2 (feat. Jimin of BTS, Charlie Puth and Muni Long / FAST X Soundtrack)",0ApadYqa3GRQkJJ3E7pQDJ,https://p.scdn.co/mp3-preview/78147bfcb8b06f8ad39849aee736b83ebe7f695f?cid=7dd86e387e2e426aa1ef00886bd1a9ef,2023-06-15,"['modern indie pop', 'pov: indie', 'singer-songwriter pop']",0.57,0.635,-6.641,0.121,0.186,0,0.0874,0.364,84.856,1,1,176455,71.0
253,3lJqL7my6Z4yiYGpHBecew,Still With You,0eFMbKCRw8KByXyWBw8WO7,https://p.scdn.co/mp3-preview/af2a740e10a6956dedd7e7f66fd65d7166e9187f?cid=7dd86e387e2e426aa1ef00886bd1a9ef,2020-06-05,['k-pop'],0.529,0.469,-6.967,0.0358,0.0899,1.53e-05,0.831,0.344,87.864,1,0,239906,82.0
254,3lJqL7my6Z4yiYGpHBecew,Seven (feat. Latto),7x9aauaA9cu6tyfpHnqDLo,https://p.scdn.co/mp3-preview/2f2b3f4eaf405ac3ba9792456cec93ae88942cfc?cid=7dd86e387e2e426aa1ef00886bd1a9ef,2023-07-14,['k-pop'],0.802,0.832,-4.107,0.0434,0.311,0,0.0815,0.89,124.997,11,1,185427,88.0
255,3lJqL7my6Z4yiYGpHBecew,Seven (feat. Latto) (Nightfall Mix),2D9Xezc9lJi8Dk088VyQt1,https://p.scdn.co/mp3-preview/b491f256b97105cdcada688dc7441ec5acab23ca?cid=7dd86e387e2e426aa1ef00886bd1a9ef,2023-07-21,['k-pop'],0.711,0.664,-5.814,0.0843,0.58,0,0.137,0.663,129.83,8,0,177253,52.0
256,3lJqL7my6Z4yiYGpHBecew,Seven (feat. Latto) (Lofi Mix),0anAdKplcEJcshuFGZS3cN,https://p.scdn.co/mp3-preview/fb55caa558e7e9a9fb1f1dd665e8ab10edfc85a4?cid=7dd86e387e2e426aa1ef00886bd1a9ef,2023-07-21,['k-pop'],0.716,0.615,-7.039,0.0447,0.166,0,0.146,0.77,120.015,8,0,201253,56.0
257,3lJqL7my6Z4yiYGpHBecew,Rainy Days,5ydjxBSUIDn26MFzU3asP4,https://p.scdn.co/mp3-preview/fc0aae60526839e3a3f281659086a2d7e77fac48?cid=7dd86e387e2e426aa1ef00886bd1a9ef,2023-08-11,"['j-division', 'korean ost']",0.633,0.454,-8.016,0.0875,0.739,0,0.148,0.282,74.828,9,0,179560,82.0
258,3lJqL7my6Z4yiYGpHBecew,Love Me Again,2N0SPREDYqILVEFSsWF5N5,https://p.scdn.co/mp3-preview/7cf9f9fce7c6ea14a19134d84a3034fef7067f0a?cid=7dd86e387e2e426aa1ef00886bd1a9ef,2023-08-11,"['j-division', 'korean ost']",0.633,0.607,-6.182,0.0532,0.183,1.38e-06,0.167,0.363,74.029,0,0,182293,91.0
259,3lJqL7my6Z4yiYGpHBecew,My You,0pNFrM5L0te1EXGxveeYiR,https://p.scdn.co/mp3-preview/cfc7dcb0e78248a9db55f14a79516f42a0866028?cid=7dd86e387e2e426aa1ef00886bd1a9ef,2022-06-13,['k-pop'],0.451,0.691,-5.395,0.0374,0.421,0,0.338,0.354,143.997,9,1,165071,77.0
260,3lJqL7my6Z4yiYGpHBecew,Scenery,1UHkDovEFqHzHCPyNe0BTy,https://p.scdn.co/mp3-preview/d8c5856931cd310a5c2a471be24398fc45f95681?cid=7dd86e387e2e426aa1ef00886bd1a9ef,2019-01-30,"['j-division', 'korean ost']",0.367,0.263,-11.413,0.0309,0.658,3.8e-05,0.269,0.247,130.674,3,1,294252,70.0
261,3lJqL7my6Z4yiYGpHBecew,Winter Bear,74ewFAgDzRkhZ7EX2eLtfZ,https://p.scdn.co/mp3-preview/80c408572e65ce89039c28ebed2f55d68eb2eae5?cid=7dd86e387e2e426aa1ef00886bd1a9ef,2019-08-10,"['j-division', 'korean ost']",0.291,0.453,-10.387,0.0285,0.247,0.162,0.219,0.291,166.224,7,1,174824,72.0
262,3lJqL7my6Z4yiYGpHBecew,Snow Flower (feat. Peakboy),34IGOyXR6cn0YI9VBu8m0y,https://p.scdn.co/mp3-preview/510cdf6d607b0d9e558a93e7ac1caa773f9f7a38?cid=7dd86e387e2e426aa1ef00886bd1a9ef,2020-12-25,"['j-division', 'korean ost']",0.767,0.435,-5.732,0.0388,0.377,4.14e-05,0.116,0.355,97.529,11,1,229013,71.0
263,3lJqL7my6Z4yiYGpHBecew,Blue,2UU11hvjN1JIn4iihEodNT,https://p.scdn.co/mp3-preview/d7bbc2d12d66d665fb8cbb9097a529a4d19f7bfc?cid=7dd86e387e2e426aa1ef00886bd1a9ef,2023-09-08,"['j-division', 'korean ost']",0.735,0.442,-9.529,0.0719,0.68,0.0011,0.0992,0.277,128.013,2,0,149853,80.0
264,3lJqL7my6Z4yiYGpHBecew,Slow Dancing,5h1BN75CEh8wdSwE1xrbSe,https://p.scdn.co/mp3-preview/0a655b364caef39379d42b81d656fabed20539d6?cid=7dd86e387e2e426aa1ef00886bd1a9ef,2023-09-08,"['j-division', 'korean ost']",0.579,0.63,-7.758,0.058,0.257,0.00462,0.0986,0.552,155.96,8,1,187027,89.0
265,3lJqL7my6Z4yiYGpHBecew,For Us,4HAOgAnILvXCbSODMoRnmD,https://p.scdn.co/mp3-preview/d3865c1fd6fa1efb6c9649b6039d67bf28c0ee9d?cid=7dd86e387e2e426aa1ef00886bd1a9ef,2023-09-08,"['j-division', 'korean ost']",0.556,0.339,-11.128,0.033,0.798,0.0118,0.172,0.215,84.968,1,0,171160,80.0
266,3lJqL7my6Z4yiYGpHBecew,3D (feat. Jack Harlow),6ehWdR7cGDXnT7aKEASJxE,https://p.scdn.co/mp3-preview/74f0838fd4469ac28b5fd6be753eb534e52b4810?cid=7dd86e387e2e426aa1ef00886bd1a9ef,2023-09-29,['k-pop'],0.853,0.824,-3.287,0.103,0.0322,0,0.0859,0.888,108.044,1,1,201812,86.0
267,3lJqL7my6Z4yiYGpHBecew,3D (Alternate Ver.),2pLZ6tUBapqlngc9lnYz4M,https://p.scdn.co/mp3-preview/fc749d3868fbbd8bccc908950e5ce109e5c4fecd?cid=7dd86e387e2e426aa1ef00886bd1a9ef,2023-09-29,['k-pop'],0.865,0.785,-3.313,0.0483,0.0221,0,0.286,0.836,108.031,1,1,162545,67.0
268,3lJqL7my6Z4yiYGpHBecew,TOO MUCH,0rKWJnmo6Q0ovoPOLoLm0t,https://p.scdn.co/mp3-preview/1302348a38a83e8df2271d74bf0c03a3e669efc5?cid=7dd86e387e2e426aa1ef00886bd1a9ef,2023-10-19,['australian hip hop'],0.758,0.703,-5.979,0.172,0.252,0,0.146,0.465,94.985,10,0,203939,77.0
269,3lJqL7my6Z4yiYGpHBecew,ProMeTheUs,4FC4LApeNhUUhhlar4AK5r,https://p.scdn.co/mp3-preview/70de4762a471c679530467ae7395422f4bcba740?cid=7dd86e387e2e426aa1ef00886bd1a9ef,2015-05-27,"['korean old school hip hop', 'korean underground rap']",0.593,0.831,-4.825,0.347,0.0799,0,0.279,0.584,82.487,2,1,340572,45.0
270,3lJqL7my6Z4yiYGpHBecew,Standing Next to You,2KslE17cAJNHTsI2MI0jb2,https://p.scdn.co/mp3-preview/b1cac49f0f6043eae3a0c0557fe16a9579fbc519?cid=7dd86e387e2e426aa1ef00886bd1a9ef,2023-11-03,['k-pop'],0.711,0.809,-4.389,0.0955,0.0447,0,0.339,0.816,106.017,2,0,206020,95.0
271,3lJqL7my6Z4yiYGpHBecew,Yes or No,2gkVEnpahpE3bQuvGuCpAV,https://p.scdn.co/mp3-preview/e807ef66f93d15da0c4fcb10becfbb801f10174e?cid=7dd86e387e2e426aa1ef00886bd1a9ef,2023-11-03,['k-pop'],0.671,0.839,-2.645,0.0866,0.179,0,0.0748,0.882,83.845,1,1,147557,87.0
272,3lJqL7my6Z4yiYGpHBecew,Hate You,5ONOlTiqymhzwcFjqcIT6E,https://p.scdn.co/mp3-preview/3dd3d2459592c73b89cfe65c96cb89f396f4acb0?cid=7dd86e387e2e426aa1ef00886bd1a9ef,2023-11-03,['k-pop'],0.419,0.274,-9.321,0.0314,0.862,0,0.092,0.25,79.595,2,1,154237,83.0
273,3lJqL7my6Z4yiYGpHBecew,Somebody,5KfJvZ0PZzRdwFRaTUDAA7,https://p.scdn.co/mp3-preview/3970791489db192479b65355dff56b10a2a56fd3?cid=7dd86e387e2e426aa1ef00886bd1a9ef,2023-11-03,['k-pop'],0.65,0.679,-5.557,0.0477,0.286,0,0.136,0.256,106.059,1,0,168600,81.0
274,3lJqL7my6Z4yiYGpHBecew,Shot Glass of Tears,7AbqgE05nFl9qY4FRUiq2p,https://p.scdn.co/mp3-preview/8ca2d835eb2edcbbf0924eb086a5c0cbeb35b8f9?cid=7dd86e387e2e426aa1ef00886bd1a9ef,2023-11-03,['k-pop'],0.507,0.394,-7.188,0.035,0.508,0,0.0825,0.164,77.955,6,0,167247,80.0
275,3lJqL7my6Z4yiYGpHBecew,Please Don't Change (feat. DJ Snake),0k0GtcnyQLMiXrdEDbLXmJ,https://p.scdn.co/mp3-preview/e414188ec597e7517ec8b422145200a5ba0644a3?cid=7dd86e387e2e426aa1ef00886bd1a9ef,2023-11-03,['k-pop'],0.797,0.743,-6.005,0.174,0.164,1.2e-06,0.164,0.768,114.878,11,1,146685,83.0
276,3lJqL7my6Z4yiYGpHBecew,Closer to You (feat. Major Lazer),06Qo2fYR2KS1F7bL338iVT,https://p.scdn.co/mp3-preview/514c45c3950154f444b609cb182c55dea491f36f?cid=7dd86e387e2e426aa1ef00886bd1a9ef,2023-11-03,['k-pop'],0.781,0.655,-7.073,0.0457,0.114,0.00249,0.103,0.493,113.031,2,0,170995,82.0
277,3lJqL7my6Z4yiYGpHBecew,3D (Justin Timberlake Remix),2mHw0KoEyDw8Yaw3yPoke6,https://p.scdn.co/mp3-preview/094628dc3e162eeb69aaf5e43acd8870f40dc079?cid=7dd86e387e2e426aa1ef00886bd1a9ef,2023-11-24,['k-pop'],0.817,0.854,-3.28,0.0613,0.0429,0,0.117,0.884,108.991,1,1,160942,76.0
278,3lJqL7my6Z4yiYGpHBecew,Standing Next to You (USHER Remix),0VPFT123HKoQ2J6ipeDcI1,https://p.scdn.co/mp3-preview/30245db673d941d9fc2a8f3005aebc73af158e92?cid=7dd86e387e2e426aa1ef00886bd1a9ef,2023-12-01,['k-pop'],0.661,0.823,-4.329,0.127,0.0536,0,0.369,0.761,105.993,9,0,214760,82.0
279,3lJqL7my6Z4yiYGpHBecew,Closer Than This,3k6q0O9JnO2GhvD6C8fs20,https://p.scdn.co/mp3-preview/ff12ac1c765f63cf54ab1e4a4e6dfa72d958c2de?cid=7dd86e387e2e426aa1ef00886bd1a9ef,2023-12-22,['k-pop'],0.716,0.54,-5.951,0.0381,0.389,0,0.0692,0.373,87.963,0,1,223302,89.0
280,3lJqL7my6Z4yiYGpHBecew,wherever u r (ft. V of BTS),1k255f17DRuRbGrfz5Ifmd,https://p.scdn.co/mp3-preview/d2b2742d8532adfca1b3c92c494ce8898968114b?cid=7dd86e387e2e426aa1ef00886bd1a9ef,2023-12-30,"['alternative r&b', 'bedroom soul']",0.69,0.52,-8.072,0.0355,0.794,3.92e-05,0.108,0.225,105.005,8,1,153715,86.0
